Workbook

Sheet History Kebocoran
B2: No | C2: Deskripsi Pipa | D2: Deskripsi Kegiatan | E2: TIME | G2: Bocor | H2: Clamp | I2: Sadel | J2: Sisip | K2: Tanggal | N2: Keterangan | O2: Lokasi SUMUR
E3: Start Time | F3: End Time | G3: Titik | H3: Titik | I3: Titik | J3: Meter | K3: Kejadian | L3: Mulai Perbaikan | M3: Selesai Perbaikan
G4: =SUM(G6:G4647) -> 3532 | H4: =SUM(H6:H4647) -> 647 | I4: =SUM(I6:I4647) -> 1912.3 | J4: =SUM(J6:J3545) -> 54329.932 | P4: Bulan | Q4: tahun | R4: KP | S4: Struktur | T4: Distrik | U4: Dimensi Pipa | V4: Panjang Pipa
B5: No | C5: Deskripsi Pipa | D5: Deskripsi Kegiatan | E5: Start Time | F5: End Time | G5: Bocor | H5: Clamp | I5: Sadel | J5: Sisip | K5: Kejadian | L5: Mulai Perbaikan | M5: Selesai Perbaikan | N5: Keterangan | O5: Lokasi | P5: Bulan | Q5: tahun | R5: KP | S5: Struktur | T5: Distrik | U5: Dimensi Pipa | V5: Panjang Pipa | W5: Column1
B6: 1 | G6: 1 | I6: 2 | K6: 43101 | P6: 1 | Q6: 2018 | S6: =IF(C6="TRUNKLINE",LEFT(O6,25),IF(C6="PIPING",LEFT(O6,13),LEFT(O6,3))) | T6: =IFERROR(VLOOKUP(S6,[1]LOKASI!$B$4:$D$19,2,0),"-") -> -
B7: =B6+1 -> 2 | G7: 1 | I7: 1 | K7: 43101 | P7: 1 | Q7: 2018 | S7: =IF(C7="TRUNKLINE",LEFT(O7,25),IF(C7="PIPING",LEFT(O7,13),LEFT(O7,3))) | T7: =IFERROR(VLOOKUP(S7,[1]LOKASI!$B$4:$D$19,2,0),"-") -> -
B8: =B7+1 -> 3 | C8: TRUNKLINE | G8: 1 | H8: 1 | K8: 43101 | O8: TLJ-TTB | P8: 1 | Q8: 2018 | S8: =IF(C8="TRUNKLINE",LEFT(O8,25),IF(C8="PIPING",LEFT(O8,13),LEFT(O8,3))) -> TLJ-TTB | T8: =IFERROR(VLOOKUP(S8,[1]LOKASI!$B$4:$D$19,2,0),"-") -> -
B9: =B8+1 -> 4 | C9: FLOWLINE | G9: 1 | I9: 1 | K9: 43102 | O9: TLJ-184 | P9: 1 | Q9: 2018 | S9: =IF(C9="TRUNKLINE",LEFT(O9,25),IF(C9="PIPING",LEFT(O9,13),LEFT(O9,3))) -> TLJ | T9: =IFERROR(VLOOKUP(S9,[1]LOKASI!$B$4:$D$19,2,0),"-") -> DISTRIK I
B10: =B9+1 -> 5 | G10: 1 | I10: 1 | K10: 43102 | O10: TLJ-190 | P10: 1 | Q10: 2018 | S10: =IF(C10="TRUNKLINE",LEFT(O10,25),IF(C10="PIPING",LEFT(O10,13),LEFT(O10,3))) -> TLJ | T10: =IFERROR(VLOOKUP(S10,[1]LOKASI!$B$4:$D$19,2,0),"-") -> DISTRIK I
B11: =B10+1 -> 6 | G11: 1 | I11: 1 | K11: 43102 | O11: TLJ-156 | P11: 1 | Q11: 2018 | S11: =IF(C11="TRUNKLINE",LEFT(O11,25),IF(C11="PIPING",LEFT(O11,13),LEFT(O11,3))) -> TLJ | T11: =IFERROR(VLOOKUP(S11,[1]LOKASI!$B$4:$D$19,2,0),"-") -> DISTRIK I
B12: =B11+1 -> 7 | G12: 1 | I12: 1 | K12: 43104 | O12: PMB-32 | P12: 1 | Q12: 2018 | S12: =IF(C12="TRUNKLINE",LEFT(O12,25),IF(C12="PIPING",LEFT(O12,13),LEFT(O12,3))) -> PMB | T12: =IFERROR(VLOOKUP(S12,[1]LOKASI!$B$4:$D$19,2,0),"-") -> DISTRIK I
B13: =B12+1 -> 8 | G13: 1 | J13: 24 | K13: 43104 | O13: BRG-09 | P13: 1 | Q13: 2018 | S13: =IF(C13="TRUNKLINE",LEFT(O13,25),IF(C13="PIPING",LEFT(O13,13),LEFT(O13,3))) -> BRG | T13: =IFERROR(VLOOKUP(S13,[1]LOKASI!$B$4:$D$19,2,0),"-") -> DISTRIK III
B14: =B13+1 -> 9 | G14: 1 | H14: 1 | K14: 43104 | O14: BRG-20 | P14: 1 | Q14: 2018 | S14: =IF(C14="TRUNKLINE",LEFT(O14,25),IF(C14="PIPING",LEFT(O14,13),LEFT(O14,3))) -> BRG | T14: =IFERROR(VLOOKUP(S14,[1]LOKASI!$B$4:$D$19,2,0),"-") -> DISTRIK III
B15: =B14+1 -> 10 | C15: TRUNKLINE | D15: Bocor korosif | G15: 1 | I15: 1 | K15: 43105 | L15: 43105 | M15: 43105 | O15: SP7TLJ-SP9TLJ | P15: 1 | Q15: 2018 | S15: =IF(C15="TRUNKLINE",LEFT(O15,25),IF(C15="PIPING",LEFT(O15,13),LEFT(O15,3))) -> SP7TLJ-SP9TLJ | T15: =IFERROR(VLOOKUP(S15,[1]LOKASI!$B$4:$D$19,2,0),"-") -> -
B16: =B15+1 -> 11 | G16: 1 | J16: 9 | K16: 43105 | O16: TLJ-169 | P16: 1 | Q16: 2018 | S16: =IF(C16="TRUNKLINE",LEFT(O16,25),IF(C16="PIPING",LEFT(O16,13),LEFT(O16,3))) -> TLJ | T16: =IFERROR(VLOOKUP(S16,[1]LOKASI!$B$4:$D$19,2,0),"-") -> DISTRIK I
B17: =B16+1 -> 12 | J17: 12 | K17: 43106 | O17: GNK-91 | P17: 1 | Q17: 2018 | S17: =IF(C17="TRUNKLINE",LEFT(O17,25),IF(C17="PIPING",LEFT(O17,13),LEFT(O17,3))) -> GNK | T17: =IFERROR(VLOOKUP(S17,[1]LOKASI!$B$4:$D$19,2,0),"-") -> DISTRIK I
B18: =B17+1 -> 13 | C18: FLOWLINE | D18: HEADER FLOWLINE | G18: 1 | I18: 1 | K18: 43108 | O18: GNK-91 | P18: 1 | Q18: 2018 | S18: =IF(C18="TRUNKLINE",LEFT(O18,25),IF(C18="PIPING",LEFT(O18,13),LEFT(O18,3))) -> GNK | T18: =IFERROR(VLOOKUP(S18,[1]LOKASI!$B$4:$D$19,2,0),"-") -> DISTRIK I
B19: =B18+1 -> 14 | D19: SISIP ELBOW | G19: 1 | J19: 1 | K19: 43108 | O19: OGN-32 | P19: 1 | Q19: 2018 | S19: =IF(C19="TRUNKLINE",LEFT(O19,25),IF(C19="PIPING",LEFT(O19,13),LEFT(O19,3))) -> OGN | T19: =IFERROR(VLOOKUP(S19,[1]LOKASI!$B$4:$D$19,2,0),"-") -> DISTRIK II
B20: =B19+1 -> 15 | C20: TRUNKLINE | J20: 144 | K20: 43110 | L20: 43110 | M20: 43112 | O20: LBK-PPP | P20: 1 | Q20: 2018 | S20: =IF(C20="TRUNKLINE",LEFT(O20,25),IF(C20="PIPING",LEFT(O20,13),LEFT(O20,3))) -> LBK-PPP | T20: =IFERROR(VLOOKUP(S20,[1]LOKASI!$B$4:$D$19,2,0),"-") -> -
B21: =B20+1 -> 16 | J21: 12 | K21: 43113 | O21: GNK-80 | P21: 1 | Q21: 2018 | S21: =IF(C21="TRUNKLINE",LEFT(O21,25),IF(C21="PIPING",LEFT(O21,13),LEFT(O21,3))) -> GNK | T21: =IFERROR(VLOOKUP(S21,[1]LOKASI!$B$4:$D$19,2,0),"-") -> DISTRIK I
B22: =B21+1 -> 17 | C22: TRUNKLINE | G22: 1 | I22: 1 | K22: 43115 | O22: SP1GNK-SP2GNK | P22: 1 | Q22: 2018 | S22: =IF(C22="TRUNKLINE",LEFT(O22,25),IF(C22="PIPING",LEFT(O22,13),LEFT(O22,3))) -> SP1GNK-SP2GNK | T22: =IFERROR(VLOOKUP(S22,[1]LOKASI!$B$4:$D$19,2,0),"-") -> -
B23: =B22+1 -> 18 | G23: 1 | I23: 1 | K23: 43115 | O23: TTB-33 | P23: 1 | Q23: 2018 | S23: =IF(C23="TRUNKLINE",LEFT(O23,25),IF(C23="PIPING",LEFT(O23,13),LEFT(O23,3))) -> TTB | T23: =IFERROR(VLOOKUP(S23,[1]LOKASI!$B$4:$D$19,2,0),"-") -> DISTRIK II
B24: =B23+1 -> 19 | C24: TRUNKLINE | D24: 4 INCH | G24: 1 | I24: 1 | K24: 43115 | N24: GERGAJIAN OTK | O24: BRGC-BRGD | P24: 1 | Q24: 2018 | S24: =IF(C24="TRUNKLINE",LEFT(O24,25),IF(C24="PIPING",LEFT(O24,13),LEFT(O24,3))) -> BRGC-BRGD | T24: =IFERROR(VLOOKUP(S24,[1]LOKASI!$B$4:$D$19,2,0),"-") -> -
B25: =B24+1 -> 20 | G25: 1 | I25: 1 | K25: 43116 | O25: TLJ-165 | P25: 1 | Q25: 2018 | S25: =IF(C25="TRUNKLINE",LEFT(O25,25),IF(C25="PIPING",LEFT(O25,13),LEFT(O25,3))) -> TLJ | T25: =IFERROR(VLOOKUP(S25,[1]LOKASI!$B$4:$D$19,2,0),"-") -> DISTRIK I
B26: =B25+1 -> 21 | G26: 1 | I26: 1 | K26: 43116 | O26: TLJ-169 | P26: 1 | Q26: 2018 | S26: =IF(C26="TRUNKLINE",LEFT(O26,25),IF(C26="PIPING",LEFT(O26,13),LEFT(O26,3))) -> TLJ | T26: =IFERROR(VLOOKUP(S26,[1]LOKASI!$B$4:$D$19,2,0),"-") -> DISTRIK I
B27: =B26+1 -> 22 | G27: 1 | I27: 1 | K27: 43116 | O27: TLJ-190 | P27: 1 | Q27: 2018 | S27: =IF(C27="TRUNKLINE",LEFT(O27,25),IF(C27="PIPING",LEFT(O27,13),LEFT(O27,3))) -> TLJ | T27: =IFERROR(VLOOKUP(S27,[1]LOKASI!$B$4:$D$19,2,0),"-") -> DISTRIK I
B28: =B27+1 -> 23 | C28: TRUNKLINE | G28: 1 | H28: 1 | K28: 43116 | O28: LBK-PPP | P28: 1 | Q28: 2018 | S28: =IF(C28="TRUNKLINE",LEFT(O28,25),IF(C28="PIPING",LEFT(O28,13),LEFT(O28,3))) -> LBK-PPP | T28: =IFERROR(VLOOKUP(S28,[1]LOKASI!$B$4:$D$19,2,0),"-") -> -
B29: =B28+1 -> 24 | G29: 1 | I29: 1 | K29: 43117 | O29: TLJ-36 | P29: 1 | Q29: 2018 | S29: =IF(C29="TRUNKLINE",LEFT(O29,25),IF(C29="PIPING",LEFT(O29,13),LEFT(O29,3))) -> TLJ | T29: =IFERROR(VLOOKUP(S29,[1]LOKASI!$B$4:$D$19,2,0),"-") -> DISTRIK I
B30: =B29+1 -> 25 | G30: 1 | I30: 1 | K30: 43118 | O30: TLJ-02 | P30: 1 | Q30: 2018 | S30: =IF(C30="TRUNKLINE",LEFT(O30,25),IF(C30="PIPING",LEFT(O30,13),LEFT(O30,3))) -> TLJ | T30: =IFERROR(VLOOKUP(S30,[1]LOKASI!$B$4:$D$19,2,0),"-") -> DISTRIK I
B31: =B30+1 -> 26 | G31: 1 | I31: 1 | K31: 43118 | O31: TLJ-169 | P31: 1 | Q31: 2018 | S31: =IF(C31="TRUNKLINE",LEFT(O31,25),IF(C31="PIPING",LEFT(O31,13),LEFT(O31,3))) -> TLJ | T31: =IFERROR(VLOOKUP(S31,[1]LOKASI!$B$4:$D$19,2,0),"-") -> DISTRIK I
B32: =B31+1 -> 27 | G32: 1 | I32: 1 | K32: 43118 | O32: TTB-33 | P32: 1 | Q32: 2018 | S32: =IF(C32="TRUNKLINE",LEFT(O32,25),IF(C32="PIPING",LEFT(O32,13),LEFT(O32,3))) -> TTB | T32: =IFERROR(VLOOKUP(S32,[1]LOKASI!$B$4:$D$19,2,0),"-") -> DISTRIK II
B33: =B32+1 -> 28 | J33: 24 | K33: 43119 | O33: TLJ-02 | P33: 1 | Q33: 2018 | S33: =IF(C33="TRUNKLINE",LEFT(O33,25),IF(C33="PIPING",LEFT(O33,13),LEFT(O33,3))) -> TLJ | T33: =IFERROR(VLOOKUP(S33,[1]LOKASI!$B$4:$D$19,2,0),"-") -> DISTRIK I
B34: =B33+1 -> 29 | G34: 1 | J34: 36 | K34: 43119 | M34: 43126 | O34: BRG-28 | P34: 1 | Q34: 2018 | S34: =IF(C34="TRUNKLINE",LEFT(O34,25),IF(C34="PIPING",LEFT(O34,13),LEFT(O34,3))) -> BRG | T34: =IFERROR(VLOOKUP(S34,[1]LOKASI!$B$4:$D$19,2,0),"-") -> DISTRIK III
B35: =B34+1 -> 30 | K35: 43119 | O35: PMB-26 | P35: 1 | Q35: 2018 | S35: =IF(C35="TRUNKLINE",LEFT(O35,25),IF(C35="PIPING",LEFT(O35,13),LEFT(O35,3))) -> PMB | T35: =IFERROR(VLOOKUP(S35,[1]LOKASI!$B$4:$D$19,2,0),"-") -> DISTRIK I
B36: =B35+1 -> 31 | G36: 1 | I36: 1 | K36: 43119 | O36: PMB-12 | P36: 1 | Q36: 2018 | S36: =IF(C36="TRUNKLINE",LEFT(O36,25),IF(C36="PIPING",LEFT(O36,13),LEFT(O36,3))) -> PMB | T36: =IFERROR(VLOOKUP(S36,[1]LOKASI!$B$4:$D$19,2,0),"-") -> DISTRIK I
B37: =B36+1 -> 32 | G37: 1 | J37: 12 | K37: 43120 | O37: TLJ-236 | P37: 1 | Q37: 2018 | S37: =IF(C37="TRUNKLINE",LEFT(O37,25),IF(C37="PIPING",LEFT(O37,13),LEFT(O37,3))) -> TLJ | T37: =IFERROR(VLOOKUP(S37,[1]LOKASI!$B$4:$D$19,2,0),"-") -> DISTRIK I
B38: =B37+1 -> 33 | D38: GANTI STREAMLINE | G38: 1 | J38: 6 | K38: 43120 | O38: BRG-08 | P38: 1 | Q38: 2018 | S38: =IF(C38="TRUNKLINE",LEFT(O38,25),IF(C38="PIPING",LEFT(O38,13),LEFT(O38,3))) -> BRG | T38: =IFERROR(VLOOKUP(S38,[1]LOKASI!$B$4:$D$19,2,0),"-") -> DISTRIK III
B39: =B38+1 -> 34 | J39: 228 | K39: 43120 | O39: BRG-08 | P39: 1 | Q39: 2018 | S39: =IF(C39="TRUNKLINE",LEFT(O39,25),IF(C39="PIPING",LEFT(O39,13),LEFT(O39,3))) -> BRG | T39: =IFERROR(VLOOKUP(S39,[1]LOKASI!$B$4:$D$19,2,0),"-") -> DISTRIK III
B40: =B39+1 -> 35 | D40: PASANG BARU | J40: 4500 | K40: 43121 | O40: TMT-37 | P40: 1 | Q40: 2018 | S40: =IF(C40="TRUNKLINE",LEFT(O40,25),IF(C40="PIPING",LEFT(O40,13),LEFT(O40,3))) -> TMT | T40: =IFERROR(VLOOKUP(S40,[1]LOKASI!$B$4:$D$19,2,0),"-") -> DISTRIK II
B41: =B40+1 -> 36 | G41: 1 | I41: 1 | K41: 43121 | O41: TLJ-111 | P41: 1 | Q41: 2018 | S41: =IF(C41="TRUNKLINE",LEFT(O41,25),IF(C41="PIPING",LEFT(O41,13),LEFT(O41,3))) -> TLJ | T41: =IFERROR(VLOOKUP(S41,[1]LOKASI!$B$4:$D$19,2,0),"-") -> DISTRIK I
B42: =B41+1 -> 37 | G42: 1 | I42: 1 | K42: 43122 | O42: TLJ-165 | P42: 1 | Q42: 2018 | S42: =IF(C42="TRUNKLINE",LEFT(O42,25),IF(C42="PIPING",LEFT(O42,13),LEFT(O42,3))) -> TLJ | T42: =IFERROR(VLOOKUP(S42,[1]LOKASI!$B$4:$D$19,2,0),"-") -> DISTRIK I
B43: =B42+1 -> 38 | G43: 1 | H43: 1 | K43: 43122 | O43: TMT-07 | P43: 1 | Q43: 2018 | S43: =IF(C43="TRUNKLINE",LEFT(O43,25),IF(C43="PIPING",LEFT(O43,13),LEFT(O43,3))) -> TMT | T43: =IFERROR(VLOOKUP(S43,[1]LOKASI!$B$4:$D$19,2,0),"-") -> DISTRIK II
B44: =B43+1 -> 39 | G44: 1 | J44: 12 | K44: 43124 | O44: TLJ-211 | P44: 1 | Q44: 2018 | S44: =IF(C44="TRUNKLINE",LEFT(O44,25),IF(C44="PIPING",LEFT(O44,13),LEFT(O44,3))) -> TLJ | T44: =IFERROR(VLOOKUP(S44,[1]LOKASI!$B$4:$D$19,2,0),"-") -> DISTRIK I
B45: =B44+1 -> 40 | G45: 1 | J45: 12 | K45: 43124 | O45: TLJ-206 | P45: 1 | Q45: 2018 | S45: =IF(C45="TRUNKLINE",LEFT(O45,25),IF(C45="PIPING",LEFT(O45,13),LEFT(O45,3))) -> TLJ | T45: =IFERROR(VLOOKUP(S45,[1]LOKASI!$B$4:$D$19,2,0),"-") -> DISTRIK I
B46: =B45+1 -> 41 | G46: 1 | J46: 18 | K46: 43125 | O46: TTB-29 | P46: 1 | Q46: 2018 | S46: =IF(C46="TRUNKLINE",LEFT(O46,25),IF(C46="PIPING",LEFT(O46,13),LEFT(O46,3))) -> TTB | T46: =IFERROR(VLOOKUP(S46,[1]LOKASI!$B$4:$D$19,2,0),"-") -> DISTRIK II
B47: =B46+1 -> 42 | G47: 1 | I47: 1 | K47: 43125 | O47: TLJ-190 | P47: 1 | Q47: 2018 | S47: =IF(C47="TRUNKLINE",LEFT(O47,25),IF(C47="PIPING",LEFT(O47,13),LEFT(O47,3))) -> TLJ | T47: =IFERROR(VLOOKUP(S47,[1]LOKASI!$B$4:$D$19,2,0),"-") -> DISTRIK I
B48: =B47+1 -> 43 | G48: 1 | I48: 1 | K48: 43125 | O48: TLJ-221 | P48: 1 | Q48: 2018 | S48: =IF(C48="TRUNKLINE",LEFT(O48,25),IF(C48="PIPING",LEFT(O48,13),LEFT(O48,3))) -> TLJ | T48: =IFERROR(VLOOKUP(S48,[1]LOKASI!$B$4:$D$19,2,0),"-") -> DISTRIK I
B49: =B48+1 -> 44 | J49: 96 | K49: 43126 | O49: TLJ-190 | P49: 1 | Q49: 2018 | S49: =IF(C49="TRUNKLINE",LEFT(O49,25),IF(C49="PIPING",LEFT(O49,13),LEFT(O49,3))) -> TLJ | T49: =IFERROR(VLOOKUP(S49,[1]LOKASI!$B$4:$D$19,2,0),"-") -> DISTRIK I
B50: =B49+1 -> 45 | J50: 12 | K50: 43127 | O50: TLJ-190 | P50: 1 | Q50: 2018 | S50: =IF(C50="TRUNKLINE",LEFT(O50,25),IF(C50="PIPING",LEFT(O50,13),LEFT(O50,3))) -> TLJ | T50: =IFERROR(VLOOKUP(S50,[1]LOKASI!$B$4:$D$19,2,0),"-") -> DISTRIK I
B51: =B50+1 -> 46 | G51: 1 | H51: 1 | K51: 43127 | O51: TLJ-157 | P51: 1 | Q51: 2018 | S51: =IF(C51="TRUNKLINE",LEFT(O51,25),IF(C51="PIPING",LEFT(O51,13),LEFT(O51,3))) -> TLJ | T51: =IFERROR(VLOOKUP(S51,[1]LOKASI!$B$4:$D$19,2,0),"-") -> DISTRIK I
B52: =B51+1 -> 47 | J52: 56 | K52: 43129 | O52: TTB-29 | P52: 1 | Q52: 2018 | S52: =IF(C52="TRUNKLINE",LEFT(O52,25),IF(C52="PIPING",LEFT(O52,13),LEFT(O52,3))) -> TTB | T52: =IFERROR(VLOOKUP(S52,[1]LOKASI!$B$4:$D$19,2,0),"-") -> DISTRIK II
B53: =B52+1 -> 48 | J53: 72 | K53: 43129 | O53: KAG-19 | P53: 1 | Q53: 2018 | S53: =IF(C53="TRUNKLINE",LEFT(O53,25),IF(C53="PIPING",LEFT(O53,13),LEFT(O53,3))) -> KAG | T53: =IFERROR(VLOOKUP(S53,[1]LOKASI!$B$4:$D$19,2,0),"-") -> DISTRIK III
B54: =B53+1 -> 49 | G54: 1 | J54: 12 | K54: 43130 | O54: BRG-15 | P54: 1 | Q54: 2018 | S54: =IF(C54="TRUNKLINE",LEFT(O54,25),IF(C54="PIPING",LEFT(O54,13),LEFT(O54,3))) -> BRG | T54: =IFERROR(VLOOKUP(S54,[1]LOKASI!$B$4:$D$19,2,0),"-") -> DISTRIK III
B55: =B54+1 -> 50 | J55: 12 | K55: 43130 | O55: TLJ-215 | P55: 1 | Q55: 2018 | S55: =IF(C55="TRUNKLINE",LEFT(O55,25),IF(C55="PIPING",LEFT(O55,13),LEFT(O55,3))) -> TLJ | T55: =IFERROR(VLOOKUP(S55,[1]LOKASI!$B$4:$D$19,2,0),"-") -> DISTRIK I
B56: =B55+1 -> 51 | J56: 144 | K56: 43131 | O56: TTB-20 | P56: 1 | Q56: 2018 | S56: =IF(C56="TRUNKLINE",LEFT(O56,25),IF(C56="PIPING",LEFT(O56,13),LEFT(O56,3))) -> TTB | T56: =IFERROR(VLOOKUP(S56,[1]LOKASI!$B$4:$D$19,2,0),"-") -> DISTRIK II
B57: =B56+1 -> 52 | J57: 64 | K57: 43131 | O57: TLJ-190 | P57: 1 | Q57: 2018 | S57: =IF(C57="TRUNKLINE",LEFT(O57,25),IF(C57="PIPING",LEFT(O57,13),LEFT(O57,3))) -> TLJ | T57: =IFERROR(VLOOKUP(S57,[1]LOKASI!$B$4:$D$19,2,0),"-") -> DISTRIK I
B58: =B57+1 -> 53 | J58: 115 | K58: 43132 | O58: TTB-29 | P58: 2 | Q58: 2018 | S58: =IF(C58="TRUNKLINE",LEFT(O58,25),IF(C58="PIPING",LEFT(O58,13),LEFT(O58,3))) -> TTB | T58: =IFERROR(VLOOKUP(S58,[1]LOKASI!$B$4:$D$19,2,0),"-") -> DISTRIK II
B59: =B58+1 -> 54 | D59: PASANG BARU | J59: 1476 | K59: 43133 | O59: TMT-40 | P59: 2 | Q59: 2018 | S59: =IF(C59="TRUNKLINE",LEFT(O59,25),IF(C59="PIPING",LEFT(O59,13),LEFT(O59,3))) -> TMT | T59: =IFERROR(VLOOKUP(S59,[1]LOKASI!$B$4:$D$19,2,0),"-") -> DISTRIK II
B60: =B59+1 -> 55 | G60: 1 | I60: 1 | K60: 43133 | O60: PMB-33 | P60: 2 | Q60: 2018 | S60: =IF(C60="TRUNKLINE",LEFT(O60,25),IF(C60="PIPING",LEFT(O60,13),LEFT(O60,3))) -> PMB | T60: =IFERROR(VLOOKUP(S60,[1]LOKASI!$B$4:$D$19,2,0),"-") -> DISTRIK I
B61: =B60+1 -> 56 | J61: 18 | K61: 43134 | O61: OGN-31 | P61: 2 | Q61: 2018 | S61: =IF(C61="TRUNKLINE",LEFT(O61,25),IF(C61="PIPING",LEFT(O61,13),LEFT(O61,3))) -> OGN | T61: =IFERROR(VLOOKUP(S61,[1]LOKASI!$B$4:$D$19,2,0),"-") -> DISTRIK II
B62: =B61+1 -> 57 | J62: 384 | K62: 43136 | M62: 43154 | O62: BRG-03 | P62: 2 | Q62: 2018 | S62: =IF(C62="TRUNKLINE",LEFT(O62,25),IF(C62="PIPING",LEFT(O62,13),LEFT(O62,3))) -> BRG | T62: =IFERROR(VLOOKUP(S62,[1]LOKASI!$B$4:$D$19,2,0),"-") -> DISTRIK III
B63: =B62+1 -> 58 | G63: 1 | I63: 1 | K63: 43136 | O63: TLJ-173 | P63: 2 | Q63: 2018 | S63: =IF(C63="TRUNKLINE",LEFT(O63,25),IF(C63="PIPING",LEFT(O63,13),LEFT(O63,3))) -> TLJ | T63: =IFERROR(VLOOKUP(S63,[1]LOKASI!$B$4:$D$19,2,0),"-") -> DISTRIK I
B64: =B63+1 -> 59 | G64: 1 | H64: 1 | K64: 43137 | O64: BRG-12 | P64: 2 | Q64: 2018 | S64: =IF(C64="TRUNKLINE",LEFT(O64,25),IF(C64="PIPING",LEFT(O64,13),LEFT(O64,3))) -> BRG | T64: =IFERROR(VLOOKUP(S64,[1]LOKASI!$B$4:$D$19,2,0),"-") -> DISTRIK III
B65: =B64+1 -> 60 | G65: 1 | H65: 2 | K65: 43137 | O65: BRG-15 | P65: 2 | Q65: 2018 | S65: =IF(C65="TRUNKLINE",LEFT(O65,25),IF(C65="PIPING",LEFT(O65,13),LEFT(O65,3))) -> BRG | T65: =IFERROR(VLOOKUP(S65,[1]LOKASI!$B$4:$D$19,2,0),"-") -> DISTRIK III
B66: =B65+1 -> 61 | G66: 1 | H66: 1 | K66: 43137 | O66: TLJ-163 | P66: 2 | Q66: 2018 | S66: =IF(C66="TRUNKLINE",LEFT(O66,25),IF(C66="PIPING",LEFT(O66,13),LEFT(O66,3))) -> TLJ | T66: =IFERROR(VLOOKUP(S66,[1]LOKASI!$B$4:$D$19,2,0),"-") -> DISTRIK I
B67: =B66+1 -> 62 | G67: 1 | H67: 2 | K67: 43138 | O67: BRG-15 | P67: 2 | Q67: 2018 | S67: =IF(C67="TRUNKLINE",LEFT(O67,25),IF(C67="PIPING",LEFT(O67,13),LEFT(O67,3))) -> BRG | T67: =IFERROR(VLOOKUP(S67,[1]LOKASI!$B$4:$D$19,2,0),"-") -> DISTRIK III
B68: =B67+1 -> 63 | G68: 1 | I68: 1 | K68: 43139 | O68: TLJ-165 | P68: 2 | Q68: 2018 | S68: =IF(C68="TRUNKLINE",LEFT(O68,25),IF(C68="PIPING",LEFT(O68,13),LEFT(O68,3))) -> TLJ | T68: =IFERROR(VLOOKUP(S68,[1]LOKASI!$B$4:$D$19,2,0),"-") -> DISTRIK I
B69: =B68+1 -> 64 | J69: 168 | K69: 43140 | M69: 43141 | O69: BRG-15 | P69: 2 | Q69: 2018 | S69: =IF(C69="TRUNKLINE",LEFT(O69,25),IF(C69="PIPING",LEFT(O69,13),LEFT(O69,3))) -> BRG | T69: =IFERROR(VLOOKUP(S69,[1]LOKASI!$B$4:$D$19,2,0),"-") -> DISTRIK III
B70: =B69+1 -> 65 | G70: 1 | H70: 1 | K70: 43140 | O70: TL LBK - PPP | P70: 2 | Q70: 2018 | S70: =IF(C70="TRUNKLINE",LEFT(O70,25),IF(C70="PIPING",LEFT(O70,13),LEFT(O70,3))) -> TL | T70: =IFERROR(VLOOKUP(S70,[1]LOKASI!$B$4:$D$19,2,0),"-") -> -
B71: =B70+1 -> 66 | J71: 27 | K71: 43140 | O71: TLJ-173 | P71: 2 | Q71: 2018 | S71: =IF(C71="TRUNKLINE",LEFT(O71,25),IF(C71="PIPING",LEFT(O71,13),LEFT(O71,3))) -> TLJ | T71: =IFERROR(VLOOKUP(S71,[1]LOKASI!$B$4:$D$19,2,0),"-") -> DISTRIK I
B72: =B71+1 -> 67 | G72: 1 | I72: 1 | K72: 43141 | O72: TLJ-223 | P72: 2 | Q72: 2018 | S72: =IF(C72="TRUNKLINE",LEFT(O72,25),IF(C72="PIPING",LEFT(O72,13),LEFT(O72,3))) -> TLJ | T72: =IFERROR(VLOOKUP(S72,[1]LOKASI!$B$4:$D$19,2,0),"-") -> DISTRIK I
B73: =B72+1 -> 68 | G73: 1 | I73: 1 | K73: 43141 | O73: TLJ-169 | P73: 2 | Q73: 2018 | S73: =IF(C73="TRUNKLINE",LEFT(O73,25),IF(C73="PIPING",LEFT(O73,13),LEFT(O73,3))) -> TLJ | T73: =IFERROR(VLOOKUP(S73,[1]LOKASI!$B$4:$D$19,2,0),"-") -> DISTRIK I
B74: =B73+1 -> 69 | G74: 1 | I74: 1 | K74: 43141 | O74: TLJ-192 | P74: 2 | Q74: 2018 | S74: =IF(C74="TRUNKLINE",LEFT(O74,25),IF(C74="PIPING",LEFT(O74,13),LEFT(O74,3))) -> TLJ | T74: =IFERROR(VLOOKUP(S74,[1]LOKASI!$B$4:$D$19,2,0),"-") -> DISTRIK I
B75: =B74+1 -> 70 | G75: 1 | H75: 1 | K75: 43141 | O75: TMT-29 | P75: 2 | Q75: 2018 | S75: =IF(C75="TRUNKLINE",LEFT(O75,25),IF(C75="PIPING",LEFT(O75,13),LEFT(O75,3))) -> TMT | T75: =IFERROR(VLOOKUP(S75,[1]LOKASI!$B$4:$D$19,2,0),"-") -> DISTRIK II
B76: =B75+1 -> 71 | G76: 1 | I76: 1 | K76: 43142 | O76: LBK-06 | P76: 2 | Q76: 2018 | S76: =IF(C76="TRUNKLINE",LEFT(O76,25),IF(C76="PIPING",LEFT(O76,13),LEFT(O76,3))) -> LBK | T76: =IFERROR(VLOOKUP(S76,[1]LOKASI!$B$4:$D$19,2,0),"-") -> DISTRIK I
B77: =B76+1 -> 72 | G77: 1 | I77: 1 | K77: 43142 | O77: BRA-35 | P77: 2 | Q77: 2018 | S77: =IF(C77="TRUNKLINE",LEFT(O77,25),IF(C77="PIPING",LEFT(O77,13),LEFT(O77,3))) -> BRA | T77: =IFERROR(VLOOKUP(S77,[1]LOKASI!$B$4:$D$19,2,0),"-") -> -
B78: =B77+1 -> 73 | J78: 12 | K78: 43143 | O78: TLJ-127 | P78: 2 | Q78: 2018 | S78: =IF(C78="TRUNKLINE",LEFT(O78,25),IF(C78="PIPING",LEFT(O78,13),LEFT(O78,3))) -> TLJ | T78: =IFERROR(VLOOKUP(S78,[1]LOKASI!$B$4:$D$19,2,0),"-") -> DISTRIK I
B79: =B78+1 -> 74 | J79: 12 | K79: 43143 | O79: TLJ-221 | P79: 2 | Q79: 2018 | S79: =IF(C79="TRUNKLINE",LEFT(O79,25),IF(C79="PIPING",LEFT(O79,13),LEFT(O79,3))) -> TLJ | T79: =IFERROR(VLOOKUP(S79,[1]LOKASI!$B$4:$D$19,2,0),"-") -> DISTRIK I
B80: =B79+1 -> 75 | G80: 1 | I80: 1 | K80: 43145 | O80: PMB-21 | P80: 2 | Q80: 2018 | S80: =IF(C80="TRUNKLINE",LEFT(O80,25),IF(C80="PIPING",LEFT(O80,13),LEFT(O80,3))) -> PMB | T80: =IFERROR(VLOOKUP(S80,[1]LOKASI!$B$4:$D$19,2,0),"-") -> DISTRIK I
B81: =B80+1 -> 76 | G81: 1 | I81: 1 | K81: 43145 | O81: PMB-25 | P81: 2 | Q81: 2018 | S81: =IF(C81="TRUNKLINE",LEFT(O81,25),IF(C81="PIPING",LEFT(O81,13),LEFT(O81,3))) -> PMB | T81: =IFERROR(VLOOKUP(S81,[1]LOKASI!$B$4:$D$19,2,0),"-") -> DISTRIK I
B82: =B81+1 -> 77 | J82: 21 | K82: 43145 | O82: TLJ-217 | P82: 2 | Q82: 2018 | S82: =IF(C82="TRUNKLINE",LEFT(O82,25),IF(C82="PIPING",LEFT(O82,13),LEFT(O82,3))) -> TLJ | T82: =IFERROR(VLOOKUP(S82,[1]LOKASI!$B$4:$D$19,2,0),"-") -> DISTRIK I
B83: =B82+1 -> 78 | J83: 208 | K83: 43146 | O83: TTB-29 | P83: 2 | Q83: 2018 | S83: =IF(C83="TRUNKLINE",LEFT(O83,25),IF(C83="PIPING",LEFT(O83,13),LEFT(O83,3))) -> TTB | T83: =IFERROR(VLOOKUP(S83,[1]LOKASI!$B$4:$D$19,2,0),"-") -> DISTRIK II
B84: =B83+1 -> 79 | G84: 1 | H84: 1 | K84: 43151 | O84: BRG-12 | P84: 2 | Q84: 2018 | S84: =IF(C84="TRUNKLINE",LEFT(O84,25),IF(C84="PIPING",LEFT(O84,13),LEFT(O84,3))) -> BRG | T84: =IFERROR(VLOOKUP(S84,[1]LOKASI!$B$4:$D$19,2,0),"-") -> DISTRIK III
B85: =B84+1 -> 80 | G85: 1 | I85: 1 | K85: 43151 | O85: BRA-35 | P85: 2 | Q85: 2018 | S85: =IF(C85="TRUNKLINE",LEFT(O85,25),IF(C85="PIPING",LEFT(O85,13),LEFT(O85,3))) -> BRA | T85: =IFERROR(VLOOKUP(S85,[1]LOKASI!$B$4:$D$19,2,0),"-") -> -
B86: =B85+1 -> 81 | G86: 1 | I86: 1 | K86: 43151 | O86: OGN-31 | P86: 2 | Q86: 2018 | S86: =IF(C86="TRUNKLINE",LEFT(O86,25),IF(C86="PIPING",LEFT(O86,13),LEFT(O86,3))) -> OGN | T86: =IFERROR(VLOOKUP(S86,[1]LOKASI!$B$4:$D$19,2,0),"-") -> DISTRIK II
B87: =B86+1 -> 82 | J87: 18 | K87: 43152 | O87: BRA-35 | P87: 2 | Q87: 2018 | S87: =IF(C87="TRUNKLINE",LEFT(O87,25),IF(C87="PIPING",LEFT(O87,13),LEFT(O87,3))) -> BRA | T87: =IFERROR(VLOOKUP(S87,[1]LOKASI!$B$4:$D$19,2,0),"-") -> -
B88: =B87+1 -> 83 | G88: 1 | I88: 1 | K88: 43152 | O88: TLJ-118 | P88: 2 | Q88: 2018 | S88: =IF(C88="TRUNKLINE",LEFT(O88,25),IF(C88="PIPING",LEFT(O88,13),LEFT(O88,3))) -> TLJ | T88: =IFERROR(VLOOKUP(S88,[1]LOKASI!$B$4:$D$19,2,0),"-") -> DISTRIK I
B89: =B88+1 -> 84 | G89: 1 | I89: 2 | K89: 43153 | O89: TTB-60 | P89: 2 | Q89: 2018 | S89: =IF(C89="TRUNKLINE",LEFT(O89,25),IF(C89="PIPING",LEFT(O89,13),LEFT(O89,3))) -> TTB | T89: =IFERROR(VLOOKUP(S89,[1]LOKASI!$B$4:$D$19,2,0),"-") -> DISTRIK II
B90: =B89+1 -> 85 | G90: 1 | I90: 1 | K90: 43153 | O90: TLJ-169 | P90: 2 | Q90: 2018 | S90: =IF(C90="TRUNKLINE",LEFT(O90,25),IF(C90="PIPING",LEFT(O90,13),LEFT(O90,3))) -> TLJ | T90: =IFERROR(VLOOKUP(S90,[1]LOKASI!$B$4:$D$19,2,0),"-") -> DISTRIK I
B91: =B90+1 -> 86 | G91: 1 | H91: 1 | K91: 43154 | O91: PMB-21 | P91: 2 | Q91: 2018 | S91: =IF(C91="TRUNKLINE",LEFT(O91,25),IF(C91="PIPING",LEFT(O91,13),LEFT(O91,3))) -> PMB | T91: =IFERROR(VLOOKUP(S91,[1]LOKASI!$B$4:$D$19,2,0),"-") -> DISTRIK I
B92: =B91+1 -> 87 | G92: 1 | H92: 1 | K92: 43154 | O92: PMB-26 | P92: 2 | Q92: 2018 | S92: =IF(C92="TRUNKLINE",LEFT(O92,25),IF(C92="PIPING",LEFT(O92,13),LEFT(O92,3))) -> PMB | T92: =IFERROR(VLOOKUP(S92,[1]LOKASI!$B$4:$D$19,2,0),"-") -> DISTRIK I
B93: =B92+1 -> 88 | D93: Bocor korosif | G93: 1 | H93: 1 | K93: 43154 | L93: 43154 | M93: 43154 | O93: TL SP 5 TLJ | P93: 2 | Q93: 2018 | S93: =IF(C93="TRUNKLINE",LEFT(O93,25),IF(C93="PIPING",LEFT(O93,13),LEFT(O93,3))) -> TL | T93: =IFERROR(VLOOKUP(S93,[1]LOKASI!$B$4:$D$19,2,0),"-") -> -
B94: =B93+1 -> 89 | J94: 180 | K94: 43154 | O94: TMT-30 | P94: 2 | Q94: 2018 | S94: =IF(C94="TRUNKLINE",LEFT(O94,25),IF(C94="PIPING",LEFT(O94,13),LEFT(O94,3))) -> TMT | T94: =IFERROR(VLOOKUP(S94,[1]LOKASI!$B$4:$D$19,2,0),"-") -> DISTRIK II
B95: =B94+1 -> 90 | J95: 96 | K95: 43156 | O95: TMT-60 | P95: 2 | Q95: 2018 | S95: =IF(C95="TRUNKLINE",LEFT(O95,25),IF(C95="PIPING",LEFT(O95,13),LEFT(O95,3))) -> TMT | T95: =IFERROR(VLOOKUP(S95,[1]LOKASI!$B$4:$D$19,2,0),"-") -> DISTRIK II
B96: =B95+1 -> 91 | G96: 1 | I96: 1 | K96: 43157 | O96: TLJ-78 | P96: 2 | Q96: 2018 | S96: =IF(C96="TRUNKLINE",LEFT(O96,25),IF(C96="PIPING",LEFT(O96,13),LEFT(O96,3))) -> TLJ | T96: =IFERROR(VLOOKUP(S96,[1]LOKASI!$B$4:$D$19,2,0),"-") -> DISTRIK I
B97: =B96+1 -> 92 | G97: 1 | H97: 1 | K97: 43157 | O97: TMT-30 | P97: 2 | Q97: 2018 | S97: =IF(C97="TRUNKLINE",LEFT(O97,25),IF(C97="PIPING",LEFT(O97,13),LEFT(O97,3))) -> TMT | T97: =IFERROR(VLOOKUP(S97,[1]LOKASI!$B$4:$D$19,2,0),"-") -> DISTRIK II
B98: =B97+1 -> 93 | G98: 1 | H98: 1 | K98: 43159 | O98: TTB-16 | P98: 2 | Q98: 2018 | S98: =IF(C98="TRUNKLINE",LEFT(O98,25),IF(C98="PIPING",LEFT(O98,13),LEFT(O98,3))) -> TTB | T98: =IFERROR(VLOOKUP(S98,[1]LOKASI!$B$4:$D$19,2,0),"-") -> DISTRIK II
B99: =B98+1 -> 94 | J99: 8 | K99: 43159 | O99: BRG-20 | P99: 2 | Q99: 2018 | S99: =IF(C99="TRUNKLINE",LEFT(O99,25),IF(C99="PIPING",LEFT(O99,13),LEFT(O99,3))) -> BRG | T99: =IFERROR(VLOOKUP(S99,[1]LOKASI!$B$4:$D$19,2,0),"-") -> DISTRIK III
B100: =B99+1 -> 95 | G100: 1 | H100: 1 | K100: 43160 | O100: TL SP 1 - SP 2 GNK | P100: 3 | Q100: 2018 | S100: =IF(C100="TRUNKLINE",LEFT(O100,25),IF(C100="PIPING",LEFT(O100,13),LEFT(O100,3))) -> TL | T100: =IFERROR(VLOOKUP(S100,[1]LOKASI!$B$4:$D$19,2,0),"-") -> -
B101: =B100+1 -> 96 | G101: 1 | I101: 1 | K101: 43160 | O101: TLJ-169 | P101: 3 | Q101: 2018 | S101: =IF(C101="TRUNKLINE",LEFT(O101,25),IF(C101="PIPING",LEFT(O101,13),LEFT(O101,3))) -> TLJ | T101: =IFERROR(VLOOKUP(S101,[1]LOKASI!$B$4:$D$19,2,0),"-") -> DISTRIK I
...

Sheet Monitoring Inspeksi
N2: O4722 | P2: G
N3: O5645
N4: jenis perbaikan | O4: dilakukan/tidak dilakukan | P4: Diminta ke zona
A5: No. | B5: Category Pipeline | C5: From | D5: To | E5: Size Inch | F5: Length (m) | G5: Service Fluid | H5: Year Built | I5: Ansi Rating | J5: Corrotion Rate | K5: Remain Life | L5: Design Pressure | M5: Leak Event | N5: Perbaikan | O5: NDT | P5: PLO | Q5: Integrity Status | R5: Memo Inspeksi | S5: Hasil Inspeksi | T5: Tindak Lanjut2
A6: 1 | B6: TRUNKLINE | C6: SP 2 TMT | D6: SP 1 TMT | E6: 6 | F6: 8711 | G6: OIL | I6: 150 | L6: 280 | M6: =SUMIF('History Kebocoran'!$O:$O, Table1[From], 'History Kebocoran'!$G:$G) -> 6 | Q6: =IF(M6=0, "GOOD", IF(M6>5, "BAD", "MONITOR")) -> BAD
A7: 2 | B7: TRUNKLINE | C7: SP 1 TMT | D7: SP OGAN | E7: 6 | F7: 11046 | G7: OIL | I7: 150 | L7: 280 | M7: =SUMIF('History Kebocoran'!$O:$O, Table1[From], 'History Kebocoran'!$G:$G) -> 16 | N7: Sisip | Q7: =IF(M7=0, "GOOD", IF(M7>5, "BAD", "MONITOR")) -> BAD
A8: 3 | B8: TRUNKLINE | C8: SP KUANG | D8: SKG PAGAR DEWA | E8: 10 | F8: 13000 | G8: GAS | L8: 840 | M8: =SUMIF('History Kebocoran'!$O:$O, Table1[From], 'History Kebocoran'!$G:$G) -> 2 | Q8: =IF(M8=0, "GOOD", IF(M8>5, "BAD", "MONITOR")) -> MONITOR
A9: 4 | B9: TRUNKLINE | C9: SP III GUNUNG KEMALA | D9: SKG III GUNUNG KEMALA | E9: 10 | F9: 2980 | G9: GAS | L9: 680 | M9: =SUMIF('History Kebocoran'!$O:$O, Table1[From], 'History Kebocoran'!$G:$G) -> 0 | Q9: =IF(M9=0, "GOOD", IF(M9>5, "BAD", "MONITOR")) -> GOOD
A10: 5 | B10: TRUNKLINE | C10: SP OGAN | D10: SP 1 TANJUNG TIGA BARAT | E10: 6 | F10: 14000 | G10: OIL | H10: 2017 | I10: 150 | L10: 300 | M10: =SUMIF('History Kebocoran'!$O:$O, Table1[From], 'History Kebocoran'!$G:$G) -> 17 | N10: Sisip | Q10: =IF(M10=0, "GOOD", IF(M10>5, "BAD", "MONITOR")) -> BAD
A11: 6 | B11: TRUNKLINE | C11: SKG X PRABUMULIH BARAT | D11: SPG PAGAR DEWA | E11: 32 | F11: 46542 | G11: GAS | L11: 1129 | M11: =SUMIF('History Kebocoran'!$O:$O, Table1[From], 'History Kebocoran'!$G:$G) -> 0 | Q11: =IF(M11=0, "GOOD", IF(M11>5, "BAD", "MONITOR")) -> GOOD
A12: 7 | B12: TRUNKLINE | C12: SPG PAGAR DEWA | D12: PPP PRABUMULIH | E12: 6 | F12: 47615 | G12: OIL | L12: 139.96 | M12: =SUMIF('History Kebocoran'!$O:$O, Table1[From], 'History Kebocoran'!$G:$G) -> 0 | Q12: =IF(M12=0, "GOOD", IF(M12>5, "BAD", "MONITOR")) -> GOOD
A13: 8 | B13: TRUNKLINE | C13: SP II GNK | D13: PPP PRABUMULIH | E13: 4 & 6 | F13: 14266 | G13: OIL | L13: 599.94 | M13: =SUMIF('History Kebocoran'!$O:$O, Table1[From], 'History Kebocoran'!$G:$G) -> 10 | Q13: =IF(M13=0, "GOOD", IF(M13>5, "BAD", "MONITOR")) -> BAD
A14: 9 | B14: TRUNKLINE | C14: SP KUANG | D14: SPG KUANG | E14: 8 | F14: 1977 | G14: GAS | L14: 164.99 | M14: =SUMIF('History Kebocoran'!$O:$O, Table1[From], 'History Kebocoran'!$G:$G) -> 2 | Q14: =IF(M14=0, "GOOD", IF(M14>5, "BAD", "MONITOR")) -> MONITOR
A15: 10 | B15: TRUNKLINE | C15: SP PBM BARAT | D15: SP I GUNUNG KEMALA | E15: 4 | F15: 20065 | G15: GAS | L15: 740.18 | M15: =SUMIF('History Kebocoran'!$O:$O, Table1[From], 'History Kebocoran'!$G:$G) -> 0 | Q15: =IF(M15=0, "GOOD", IF(M15>5, "BAD", "MONITOR")) -> GOOD
A16: 11 | B16: TRUNKLINE | C16: SPG KUANG | D16: JUMPER KUANG | E16: 10 | F16: 2026 | G16: GAS | L16: 499.95 | M16: =SUMIF('History Kebocoran'!$O:$O, Table1[From], 'History Kebocoran'!$G:$G) -> 0 | Q16: =IF(M16=0, "GOOD", IF(M16>5, "BAD", "MONITOR")) -> GOOD
A17: 12 | B17: TRUNKLINE | C17: SPG KUANG | D17: SP KUANG | E17: 4 | F17: 1970 | G17: KONDENSAT | L17: 99.99 | M17: =SUMIF('History Kebocoran'!$O:$O, Table1[From], 'History Kebocoran'!$G:$G) -> 0 | Q17: =IF(M17=0, "GOOD", IF(M17>5, "BAD", "MONITOR")) -> GOOD
A18: 13 | B18: TRUNKLINE | C18: SPG MERBAU | D18: SP PAGAR DEWA | E18: 4 | F18: 22065 | G18: KONDENSAT | L18: 99.99 | M18: =SUMIF('History Kebocoran'!$O:$O, Table1[From], 'History Kebocoran'!$G:$G) -> 5 | Q18: =IF(M18=0, "GOOD", IF(M18>5, "BAD", "MONITOR")) -> MONITOR
A19: 14 | B19: TRUNKLINE | C19: PPP PRABUMULIH | D19: KM 3 PLAJU (8") | E19: 8 | F19: 93000 | G19: OIL | L19: 740 | M19: =SUMIF('History Kebocoran'!$O:$O, Table1[From], 'History Kebocoran'!$G:$G) -> 0 | Q19: =IF(M19=0, "GOOD", IF(M19>5, "BAD", "MONITOR")) -> GOOD
A20: 15 | B20: TRUNKLINE | C20: PPP PRABUMULIH | D20: KM 3 PLAJU (10") | E20: 10 | F20: 93000 | G20: OIL | L20: 740 | M20: =SUMIF('History Kebocoran'!$O:$O, Table1[From], 'History Kebocoran'!$G:$G) -> 0 | Q20: =IF(M20=0, "GOOD", IF(M20>5, "BAD", "MONITOR")) -> GOOD
A21: 16 | B21: TRUNKLINE | C21: SPU LIMAU BARAT | D21: PPP PRABUMULIH | E21: 12 | F21: 18980 | G21: OIL | L21: 740 | M21: =SUMIF('History Kebocoran'!$O:$O, Table1[From], 'History Kebocoran'!$G:$G) -> 0 | Q21: =IF(M21=0, "GOOD", IF(M21>5, "BAD", "MONITOR")) -> GOOD
A22: 17 | B22: TRUNKLINE | C22: SP LEMBAK | D22: PPP PRABUMULIH | E22: 6 | F22: 26500 | G22: KONDENSAT | L22: 650 | M22: =SUMIF('History Kebocoran'!$O:$O, Table1[From], 'History Kebocoran'!$G:$G) -> 3 | Q22: =IF(M22=0, "GOOD", IF(M22>5, "BAD", "MONITOR")) -> MONITOR
A23: 18 | B23: TRUNKLINE | C23: SP BERINGIN C | D23: SP BERINGIN D (8") | E23: 8 | F23: 7450 | G23: GAS | L23: 1023 | M23: =SUMIF('History Kebocoran'!$O:$O, Table1[From], 'History Kebocoran'!$G:$G) -> 0 | Q23: =IF(M23=0, "GOOD", IF(M23>5, "BAD", "MONITOR")) -> GOOD
A24: 19 | B24: TRUNKLINE | C24: SP BERINGIN A | D24: SP BERINGIN C | E24: 8 | F24: 8742 | G24: GAS | L24: 1023 | M24: =SUMIF('History Kebocoran'!$O:$O, Table1[From], 'History Kebocoran'!$G:$G) -> 0 | Q24: =IF(M24=0, "GOOD", IF(M24>5, "BAD", "MONITOR")) -> GOOD
A25: 20 | B25: TRUNKLINE | C25: SP KUANG | D25: JUMPER KUANG | E25: 6 | F25: 3500 | G25: OIL | L25: 0 | M25: =SUMIF('History Kebocoran'!$O:$O, Table1[From], 'History Kebocoran'!$G:$G) -> 2 | Q25: =IF(M25=0, "GOOD", IF(M25>5, "BAD", "MONITOR")) -> MONITOR
A26: 21 | B26: TRUNKLINE | C26: SP V TL. JIMAR | D26: PPP PRABUMULIH | E26: 6 | F26: 10000 | G26: OIL | L26: 0 | M26: =SUMIF('History Kebocoran'!$O:$O, Table1[From], 'History Kebocoran'!$G:$G) -> 0 | Q26: =IF(M26=0, "GOOD", IF(M26>5, "BAD", "MONITOR")) -> GOOD
A27: 22 | B27: TRUNKLINE | C27: SP TANJUNG TIGA BARAT | D27: PPP PRABUMULIH | E27: 8 | F27: 20000 | G27: OIL | H27: 2013 | I27: 150 | L27: 0 | M27: =SUMIF('History Kebocoran'!$O:$O, Table1[From], 'History Kebocoran'!$G:$G) -> 0 | Q27: =IF(M27=0, "GOOD", IF(M27>5, "BAD", "MONITOR")) -> GOOD
A28: 23 | B28: INJECTION LINE | C28: PMB-01 | D28: SP PMB | E28: 3 | F28: 900 | G28: WATER | M28: =SUMIF('History Kebocoran'!$O:$O, Table1[From], 'History Kebocoran'!$G:$G) -> 0 | Q28: =IF(M28=0, "GOOD", IF(M28>5, "BAD", "MONITOR")) -> GOOD
A29: 24 | B29: TRUNKLINE | C29: SP BERINGIN C | D29: SP BERINGIN D (4") | E29: 4 | F29: 7296 | G29: OIL | L29: 800 | M29: =SUMIF('History Kebocoran'!$O:$O, Table1[From], 'History Kebocoran'!$G:$G) -> 0 | Q29: =IF(M29=0, "GOOD", IF(M29>5, "BAD", "MONITOR")) -> GOOD
A30: 25 | B30: TRUNKLINE | C30: SP PAKU GAJAH | D30: SPG MERBAU | E30: 12 | F30: 22192 | G30: GAS | L30: 895 | M30: =SUMIF('History Kebocoran'!$O:$O, Table1[From], 'History Kebocoran'!$G:$G) -> 0 | Q30: =IF(M30=0, "GOOD", IF(M30>5, "BAD", "MONITOR")) -> GOOD
A31: 26 | B31: TRUNKLINE | C31: SPG PAGAR DEWA | D31: SP PAKU GAJAH | E31: 10 | F31: 401 | G31: GAS | L31: 499.95 | M31: =SUMIF('History Kebocoran'!$O:$O, Table1[From], 'History Kebocoran'!$G:$G) -> 0 | Q31: =IF(M31=0, "GOOD", IF(M31>5, "BAD", "MONITOR")) -> GOOD
A32: 27 | B32: TRUNKLINE | C32: SPG MERBAU | D32: SPG PAGAR DEWA | E32: 14 | F32: 22092 | G32: GAS | L32: 780 | M32: =SUMIF('History Kebocoran'!$O:$O, Table1[From], 'History Kebocoran'!$G:$G) -> 5 | Q32: =IF(M32=0, "GOOD", IF(M32>5, "BAD", "MONITOR")) -> MONITOR
A33: 28 | B33: TRUNKLINE | C33: SP VI TL. JIMAR | D33: PPP PRABUMULIH | E33: 6 & 8 | F33: 5000 | G33: OIL | L33: 740 | M33: =SUMIF('History Kebocoran'!$O:$O, Table1[From], 'History Kebocoran'!$G:$G) -> 0 | Q33: =IF(M33=0, "GOOD", IF(M33>5, "BAD", "MONITOR")) -> GOOD
A34: 29 | B34: TRUNKLINE | C34: SP 3 GNK | D34: SIMPANG GNK 68 | E34: 2.375, 3.5 & 4 | F34: 10175 | G34: Gas | L34: 740 | M34: =SUMIF('History Kebocoran'!$O:$O, Table1[From], 'History Kebocoran'!$G:$G) -> 9 | Q34: =IF(M34=0, "GOOD", IF(M34>5, "BAD", "MONITOR")) -> BAD
A35: 30 | B35: TRUNKLINE | C35: SP 3 GUNUNG KEMALA | D35: SKG 3 GUNUNG KEMALA | E35: 10 | F35: 3010 | G35: Gas | L35: 680 | M35: =SUMIF('History Kebocoran'!$O:$O, Table1[From], 'History Kebocoran'!$G:$G) -> 0 | Q35: =IF(M35=0, "GOOD", IF(M35>5, "BAD", "MONITOR")) -> GOOD
A36: 31 | B36: TRUNKLINE | C36: SKG 3 GUNUNG KEMALA | D36: SKG 10 PRABUMULIH | E36: 8 | F36: 10910 | G36: Gas | L36: 888 | M36: =SUMIF('History Kebocoran'!$O:$O, Table1[From], 'History Kebocoran'!$G:$G) -> 0 | Q36: =IF(M36=0, "GOOD", IF(M36>5, "BAD", "MONITOR")) -> GOOD
A37: 32 | B37: TRUNKLINE | C37: MANIFOLD PRBUMENANG | D37: SPG PAKU GAJAH | E37: 6 & 8 | F37: 11505 (NPS 6 CS), 410 (NPS 6 SS), & 1000 (NPS 8 CS) | G37: Gas | L37: 740 | M37: =SUMIF('History Kebocoran'!$O:$O, Table1[From], 'History Kebocoran'!$G:$G) -> 0 | Q37: =IF(M37=0, "GOOD", IF(M37>5, "BAD", "MONITOR")) -> GOOD
A38: 33 | B38: FLOW LINE | C38: TDN-001 | D38: SKG X Prabumulih Barat | F38: 15000 | G38: GAS | H38: 1994 | M38: =SUMIF('History Kebocoran'!$O:$O, Table1[From], 'History Kebocoran'!$G:$G) -> 0 | Q38: =IF(M38=0, "GOOD", IF(M38>5, "BAD", "MONITOR")) -> GOOD
A39: 34 | B39: FLOW LINE | C39: TLJ-025 | D39: SP 2 Talang Jimar | E39: 3 | F39: 900 | G39: OIL | H39: 1939 | M39: =SUMIF('History Kebocoran'!$O:$O, Table1[From], 'History Kebocoran'!$G:$G) -> 1 | Q39: =IF(M39=0, "GOOD", IF(M39>5, "BAD", "MONITOR")) -> MONITOR
A40: 35 | B40: FLOW LINE | C40: TLJ-060 | D40: SP 2 Talang Jimar | E40: 3 | F40: 1550 | G40: OIL | H40: 1940 | M40: =SUMIF('History Kebocoran'!$O:$O, Table1[From], 'History Kebocoran'!$G:$G) -> 5 | Q40: =IF(M40=0, "GOOD", IF(M40>5, "BAD", "MONITOR")) -> MONITOR
A41: 36 | B41: FLOW LINE | C41: TLJ-104 | D41: SP 2 Talang Jimar | E41: 3 | F41: 400 | G41: OIL | H41: 1943 | M41: =SUMIF('History Kebocoran'!$O:$O, Table1[From], 'History Kebocoran'!$G:$G) -> 4 | Q41: =IF(M41=0, "GOOD", IF(M41>5, "BAD", "MONITOR")) -> MONITOR
A42: 37 | B42: FLOW LINE | C42: TLJ-106 | D42: SP 2 Talang Jimar | E42: 3 | F42: 1200 | G42: OIL | H42: 1943 | M42: =SUMIF('History Kebocoran'!$O:$O, Table1[From], 'History Kebocoran'!$G:$G) -> 14 | Q42: =IF(M42=0, "GOOD", IF(M42>5, "BAD", "MONITOR")) -> BAD
A43: 38 | B43: FLOW LINE | C43: TLJ-109 | D43: SP 2 Talang Jimar | E43: 3 | F43: 1100 | G43: OIL | H43: 1943 | M43: =SUMIF('History Kebocoran'!$O:$O, Table1[From], 'History Kebocoran'!$G:$G) -> 8 | Q43: =IF(M43=0, "GOOD", IF(M43>5, "BAD", "MONITOR")) -> BAD
A44: 39 | B44: FLOW LINE | C44: TLJ-118 | D44: SP 2 Talang Jimar | E44: 3 | F44: 1200 | G44: OIL | H44: 1944 | M44: =SUMIF('History Kebocoran'!$O:$O, Table1[From], 'History Kebocoran'!$G:$G) -> 15 | Q44: =IF(M44=0, "GOOD", IF(M44>5, "BAD", "MONITOR")) -> BAD
A45: 40 | B45: FLOW LINE | C45: GNK-097 | D45: SP 3 Gunung Kemala | F45: 1700 | G45: OIL | H45: 2023 | M45: =SUMIF('History Kebocoran'!$O:$O, Table1[From], 'History Kebocoran'!$G:$G) -> 0 | Q45: =IF(M45=0, "GOOD", IF(M45>5, "BAD", "MONITOR")) -> GOOD
A46: 41 | B46: FLOW LINE | C46: GNK-099 | D46: SP 3 Gunung Kemala | F46: 1700 | G46: OIL | H46: 2023 | M46: =SUMIF('History Kebocoran'!$O:$O, Table1[From], 'History Kebocoran'!$G:$G) -> 0 | Q46: =IF(M46=0, "GOOD", IF(M46>5, "BAD", "MONITOR")) -> GOOD
A47: 42 | B47: FLOW LINE | C47: GNK-055 | D47: SP 3 Gunung Kemala | F47: 1700 | G47: OIL | H47: 1982 | M47: =SUMIF('History Kebocoran'!$O:$O, Table1[From], 'History Kebocoran'!$G:$G) -> 0 | Q47: =IF(M47=0, "GOOD", IF(M47>5, "BAD", "MONITOR")) -> GOOD
A48: 43 | B48: FLOW LINE | C48: GNK-071 | D48: SP 3 Gunung Kemala | E48: 3 | F48: 420 | G48: OIL | H48: 1985 | M48: =SUMIF('History Kebocoran'!$O:$O, Table1[From], 'History Kebocoran'!$G:$G) -> 0 | Q48: =IF(M48=0, "GOOD", IF(M48>5, "BAD", "MONITOR")) -> GOOD
A49: 44 | B49: FLOW LINE | C49: TLJ-221 | D49: SP 5 Talang Jimar | E49: 3 | F49: 1350 | G49: OIL | H49: 2006 | M49: =SUMIF('History Kebocoran'!$O:$O, Table1[From], 'History Kebocoran'!$G:$G) -> 14 | Q49: =IF(M49=0, "GOOD", IF(M49>5, "BAD", "MONITOR")) -> BAD
A50: 45 | B50: FLOW LINE | C50: TLJ-227 | D50: SP 5 Talang Jimar | E50: 3 | F50: 750 | G50: OIL | H50: 2009 | M50: =SUMIF('History Kebocoran'!$O:$O, Table1[From], 'History Kebocoran'!$G:$G) -> 21 | Q50: =IF(M50=0, "GOOD", IF(M50>5, "BAD", "MONITOR")) -> BAD
A51: 46 | B51: FLOW LINE | C51: TLJ-228 | D51: SP 5 Talang Jimar | E51: 3 | F51: 890 | G51: OIL | H51: 2009 | M51: =SUMIF('History Kebocoran'!$O:$O, Table1[From], 'History Kebocoran'!$G:$G) -> 17 | Q51: =IF(M51=0, "GOOD", IF(M51>5, "BAD", "MONITOR")) -> BAD
A52: 47 | B52: FLOW LINE | C52: TLJ-232 | D52: SP 5 Talang Jimar | E52: 3 | F52: 2000 | G52: OIL | H52: 2010 | M52: =SUMIF('History Kebocoran'!$O:$O, Table1[From], 'History Kebocoran'!$G:$G) -> 21 | Q52: =IF(M52=0, "GOOD", IF(M52>5, "BAD", "MONITOR")) -> BAD
A53: 48 | B53: FLOW LINE | C53: TLJ-236 | D53: SP 5 Talang Jimar | E53: 3 | F53: 900 | G53: OIL | H53: 2012 | M53: =SUMIF('History Kebocoran'!$O:$O, Table1[From], 'History Kebocoran'!$G:$G) -> 20 | Q53: =IF(M53=0, "GOOD", IF(M53>5, "BAD", "MONITOR")) -> BAD
A54: 49 | B54: FLOW LINE | C54: TLJ-238 | D54: SP 5 Talang Jimar | E54: 3 | F54: 1200 | G54: OIL | H54: 2012 | M54: =SUMIF('History Kebocoran'!$O:$O, Table1[From], 'History Kebocoran'!$G:$G) -> 17 | Q54: =IF(M54=0, "GOOD", IF(M54>5, "BAD", "MONITOR")) -> BAD
A55: 50 | B55: FLOW LINE | C55: TLJ-016 | D55: SP 6 Talang Jimar | E55: 3 | F55: 1200 | G55: OIL | H55: 1938 | M55: =SUMIF('History Kebocoran'!$O:$O, Table1[From], 'History Kebocoran'!$G:$G) -> 6 | Q55: =IF(M55=0, "GOOD", IF(M55>5, "BAD", "MONITOR")) -> BAD
A56: 51 | B56: FLOW LINE | C56: TLJ-051 | D56: SP 6 Talang Jimar | E56: 3 | F56: 250 | G56: OIL | H56: 1939 | M56: =SUMIF('History Kebocoran'!$O:$O, Table1[From], 'History Kebocoran'!$G:$G) -> 0 | Q56: =IF(M56=0, "GOOD", IF(M56>5, "BAD", "MONITOR")) -> GOOD
A57: 52 | B57: FLOW LINE | C57: TLJ-211 | D57: SP 6 Talang Jimar | E57: 3 | F57: 1200 | G57: OIL | H57: 2004 | M57: =SUMIF('History Kebocoran'!$O:$O, Table1[From], 'History Kebocoran'!$G:$G) -> 9 | Q57: =IF(M57=0, "GOOD", IF(M57>5, "BAD", "MONITOR")) -> BAD
A58: 53 | B58: FLOW LINE | C58: TLJ-245 | D58: SP 6 Talang Jimar | E58: 3 | F58: 3000 | G58: OIL | H58: 2017 | M58: =SUMIF('History Kebocoran'!$O:$O, Table1[From], 'History Kebocoran'!$G:$G) -> 0 | Q58: =IF(M58=0, "GOOD", IF(M58>5, "BAD", "MONITOR")) -> GOOD
A59: 54 | B59: FLOW LINE | C59: TLJ-246 | D59: SP 6 Talang Jimar | E59: 3 | F59: 3000 | G59: OIL | H59: 2018 | M59: =SUMIF('History Kebocoran'!$O:$O, Table1[From], 'History Kebocoran'!$G:$G) -> 1 | Q59: =IF(M59=0, "GOOD", IF(M59>5, "BAD", "MONITOR")) -> MONITOR
... A61: 56 | B61: FLOW LINE | C61: TLJ-248 | D61: SP 6 Talang Jimar | E61: 3 | F61: 1300 | G61: OIL | H61: 2019 | M61: =SUMIF('History Kebocoran'!$O:$O, Table1[From], 'History Kebocoran'!$G:$G) -> 1 | Q61: =IF(M61=0, "GOOD", IF(M61>5, "BAD", "MONITOR")) -> MONITOR
A62: 57 | B62: FLOW LINE | C62: TLJ-249 | D62: SP 6 Talang Jimar | F62: 1300 | G62: OIL | H62: 2019 | M62: =SUMIF('History Kebocoran'!$O:$O, Table1[From], 'History Kebocoran'!$G:$G) -> 2 | Q62: =IF(M62=0, "GOOD", IF(M62>5, "BAD", "MONITOR")) -> MONITOR
A63: 58 | B63: FLOW LINE | C63: TLJ-253 | D63: SP 6 Talang Jimar | F63: 1300 | G63: OIL | H63: 2024 | M63: =SUMIF('History Kebocoran'!$O:$O, Table1[From], 'History Kebocoran'!$G:$G) -> 1 | Q63: =IF(M63=0, "GOOD", IF(M63>5, "BAD", "MONITOR")) -> MONITOR
A64: 59 | B64: FLOW LINE | C64: TLJ-157 | D64: SP 7 Talang Jimar/ Power Plant TLJ | E64: 3 | F64: 3000 | G64: GAS | H64: 1952 | M64: =SUMIF('History Kebocoran'!$O:$O, Table1[From], 'History Kebocoran'!$G:$G) -> 7 | Q64: =IF(M64=0, "GOOD", IF(M64>5, "BAD", "MONITOR")) -> BAD
A65: 60 | B65: FLOW LINE | C65: TLJ-241 | D65: SP 7 Talang Jimar | E65: 3 | F65: 700 | G65: OIL | H65: 2013 | M65: =SUMIF('History Kebocoran'!$O:$O, Table1[From], 'History Kebocoran'!$G:$G) -> 14 | Q65: =IF(M65=0, "GOOD", IF(M65>5, "BAD", "MONITOR")) -> BAD
A66: 61 | B66: FLOW LINE | C66: TLJ-209 | D66: SP 7 Talang Jimar | E66: 4 | F66: 300 | G66: OIL | H66: 2004 | M66: =SUMIF('History Kebocoran'!$O:$O, Table1[From], 'History Kebocoran'!$G:$G) -> 15 | Q66: =IF(M66=0, "GOOD", IF(M66>5, "BAD", "MONITOR")) -> BAD
A67: 62 | B67: FLOW LINE | C67: TLJ-218 | D67: SP 7 Talang Jimar | G67: OIL | H67: 2005 | M67: =SUMIF('History Kebocoran'!$O:$O, Table1[From], 'History Kebocoran'!$G:$G) -> 5 | Q67: =IF(M67=0, "GOOD", IF(M67>5, "BAD", "MONITOR")) -> MONITOR
A68: 63 | B68: FLOW LINE | C68: KMG-001 | D68: SP LEMBAK | E68: 4 | F68: 6500 | G68: GAS | H68: 1995 | M68: =SUMIF('History Kebocoran'!$O:$O, Table1[From], 'History Kebocoran'!$G:$G) -> 0 | Q68: =IF(M68=0, "GOOD", IF(M68>5, "BAD", "MONITOR")) -> GOOD
A69: 64 | B69: FLOW LINE | C69: KMG-002 | D69: SP LEMBAK | E69: 4 | F69: 7200 | G69: GAS | H69: 2003 | M69: =SUMIF('History Kebocoran'!$O:$O, Table1[From], 'History Kebocoran'!$G:$G) -> 0 | Q69: =IF(M69=0, "GOOD", IF(M69>5, "BAD", "MONITOR")) -> GOOD
A70: 65 | B70: FLOW LINE | C70: OGN-003 | D70: SP Ogan | E70: 4 | F70: 200 | G70: GAS | H70: 1938 | I70: 300 | M70: =SUMIF('History Kebocoran'!$O:$O, Table1[From], 'History Kebocoran'!$G:$G) -> 0 | Q70: =IF(M70=0, "GOOD", IF(M70>5, "BAD", "MONITOR")) -> GOOD
A71: 66 | B71: FLOW LINE | C71: OGN-014 | D71: SP Ogan | E71: 4 | F71: 800 | G71: OIL | H71: 1975 | I71: 150 | M71: =SUMIF('History Kebocoran'!$O:$O, Table1[From], 'History Kebocoran'!$G:$G) -> 0 | Q71: =IF(M71=0, "GOOD", IF(M71>5, "BAD", "MONITOR")) -> GOOD
A72: 67 | B72: FLOW LINE | C72: OGN-016 | D72: SP Ogan | E72: 4 | F72: 700 | G72: OIL | H72: 1976 | I72: 150 | M72: =SUMIF('History Kebocoran'!$O:$O, Table1[From], 'History Kebocoran'!$G:$G) -> 0 | Q72: =IF(M72=0, "GOOD", IF(M72>5, "BAD", "MONITOR")) -> GOOD
A73: 68 | B73: FLOW LINE | C73: OGN-026 | D73: SP Ogan | E73: 3 | F73: 4400 | G73: OIL | H73: 2018 | I73: 300 | M73: =SUMIF('History Kebocoran'!$O:$O, Table1[From], 'History Kebocoran'!$G:$G) -> 0 | Q73: =IF(M73=0, "GOOD", IF(M73>5, "BAD", "MONITOR")) -> GOOD
A74: 69 | B74: FLOW LINE | C74: OGN-027 | D74: SP Ogan | E74: 3 | F74: 2000 | G74: OIL | H74: 1985 | I74: 150 | M74: =SUMIF('History Kebocoran'!$O:$O, Table1[From], 'History Kebocoran'!$G:$G) -> 0 | Q74: =IF(M74=0, "GOOD", IF(M74>5, "BAD", "MONITOR")) -> GOOD
A75: 70 | B75: FLOW LINE | C75: OGN-029 | D75: SP Ogan | E75: 4 | F75: 1300 | G75: OIL | H75: 2001 | I75: 150 | M75: =SUMIF('History Kebocoran'!$O:$O, Table1[From], 'History Kebocoran'!$G:$G) -> 0 | Q75: =IF(M75=0, "GOOD", IF(M75>5, "BAD", "MONITOR")) -> GOOD
A76: 71 | B76: FLOW LINE | C76: OGN-031 | D76: SP Ogan | E76: 3 | F76: 3000 | G76: OIL | H76: 2011 | I76: 150 | M76: =SUMIF('History Kebocoran'!$O:$O, Table1[From], 'History Kebocoran'!$G:$G) -> 0 | Q76: =IF(M76=0, "GOOD", IF(M76>5, "BAD", "MONITOR")) -> GOOD
A77: 72 | B77: FLOW LINE | C77: OGN-032 | D77: SP Ogan | E77: 3 | F77: 2900 | G77: OIL | H77: 2011 | I77: 150 | M77: =SUMIF('History Kebocoran'!$O:$O, Table1[From], 'History Kebocoran'!$G:$G) -> 0 | Q77: =IF(M77=0, "GOOD", IF(M77>5, "BAD", "MONITOR")) -> GOOD
A78: 73 | B78: FLOW LINE | C78: OGN-033 | D78: SP Ogan | E78: 3 | F78: 3000 | G78: OIL | H78: 2011 | I78: 300 | M78: =SUMIF('History Kebocoran'!$O:$O, Table1[From], 'History Kebocoran'!$G:$G) -> 0 | Q78: =IF(M78=0, "GOOD", IF(M78>5, "BAD", "MONITOR")) -> GOOD
A79: 74 | B79: FLOW LINE | C79: OGN-034 | D79: SP Ogan | E79: 3 | F79: 3000 | G79: OIL | H79: 2011 | I79: 150 | M79: =SUMIF('History Kebocoran'!$O:$O, Table1[From], 'History Kebocoran'!$G:$G) -> 0 | Q79: =IF(M79=0, "GOOD", IF(M79>5, "BAD", "MONITOR")) -> GOOD
A80: 75 | B80: FLOW LINE | C80: OGN-036 | D80: SP Ogan | E80: 3 | F80: 3000 | G80: OIL | H80: 2014 | I80: 300 | M80: =SUMIF('History Kebocoran'!$O:$O, Table1[From], 'History Kebocoran'!$G:$G) -> 0 | Q80: =IF(M80=0, "GOOD", IF(M80>5, "BAD", "MONITOR")) -> GOOD
A81: 76 | B81: FLOW LINE | C81: OGN-038 | D81: SP Ogan | E81: 3 | F81: 2300 | G81: OIL | H81: 2025 | I81: 300 | M81: =SUMIF('History Kebocoran'!$O:$O, Table1[From], 'History Kebocoran'!$G:$G) -> 0 | Q81: =IF(M81=0, "GOOD", IF(M81>5, "BAD", "MONITOR")) -> GOOD
... A92: 87 | B92: FLOW LINE | C92: TTB-004 | D92: SP Tanjung Tiga Barat | E92: 4 | F92: 800 | G92: OIL | H92: 1948 | I92: 150 | M92: =SUMIF('History Kebocoran'!$O:$O, Table1[From], 'History Kebocoran'!$G:$G) -> 0 | Q92: =IF(M92=0, "GOOD", IF(M92>5, "BAD", "MONITOR")) -> GOOD
A93: 88 | B93: FLOW LINE | C93: TTB-007 | D93: SP Tanjung Tiga Barat | G93: OIL | H93: 1948 | M93: =SUMIF('History Kebocoran'!$O:$O, Table1[From], 'History Kebocoran'!$G:$G) -> 0 | Q93: =IF(M93=0, "GOOD", IF(M93>5, "BAD", "MONITOR")) -> GOOD
A94: 89 | B94: FLOW LINE | C94: TTB-017 | D94: SP Tanjung Tiga Barat | G94: OIL | H94: 1949 | M94: =SUMIF('History Kebocoran'!$O:$O, Table1[From], 'History Kebocoran'!$G:$G) -> 0 | Q94: =IF(M94=0, "GOOD", IF(M94>5, "BAD", "MONITOR")) -> GOOD
A95: 90 | B95: FLOW LINE | C95: TTB-043 | D95: SP Tanjung Tiga Barat | E95: 3 | F95: 1500 | G95: OIL | H95: 1953 | I95: 150 | M95: =SUMIF('History Kebocoran'!$O:$O, Table1[From], 'History Kebocoran'!$G:$G) -> 0 | Q95: =IF(M95=0, "GOOD", IF(M95>5, "BAD", "MONITOR")) -> GOOD
A96: 91 | B96: FLOW LINE | C96: TTB-061 | D96: SP Tanjung Tiga Barat | E96: 3 | F96: 1000 | G96: OIL | H96: 1958 | I96: 150 | M96: =SUMIF('History Kebocoran'!$O:$O, Table1[From], 'History Kebocoran'!$G:$G) -> 0 | Q96: =IF(M96=0, "GOOD", IF(M96>5, "BAD", "MONITOR")) -> GOOD
A97: 92 | B97: FLOW LINE | C97: TTB-063 | D97: SP Tanjung Tiga Barat | E97: 3 | F97: 700 | G97: OIL | H97: 1959 | I97: 150 | M97: =SUMIF('History Kebocoran'!$O:$O, Table1[From], 'History Kebocoran'!$G:$G) -> 0 | Q97: =IF(M97=0, "GOOD", IF(M97>5, "BAD", "MONITOR")) -> GOOD
A98: 93 | B98: FLOW LINE | C98: TTB-068 | D98: SP Tanjung Tiga Barat | E98: 3 | F98: 1200 | G98: OIL | H98: 2023 | I98: 150 | M98: =SUMIF('History Kebocoran'!$O:$O, Table1[From], 'History Kebocoran'!$G:$G) -> 0 | Q98: =IF(M98=0, "GOOD", IF(M98>5, "BAD", "MONITOR")) -> GOOD
A99: 94 | B99: FLOW LINE | C99: MBU-002ST | D99: SPG Merbau | E99: 4 | F99: 1125 | G99: GAS | H99: 2004 | M99: =SUMIF('History Kebocoran'!$O:$O, Table1[From], 'History Kebocoran'!$G:$G) -> 0 | Q99: =IF(M99=0, "GOOD", IF(M99>5, "BAD", "MONITOR")) -> GOOD
A100: 95 | B100: FLOW LINE | C100: MBU-004A | D100: SPG Merbau | E100: 3 | F100: 1750 | G100: GAS | H100: 2003 | M100: =SUMIF('History Kebocoran'!$O:$O, Table1[From], 'History Kebocoran'!$G:$G) -> 0 | Q100: =IF(M100=0, "GOOD", IF(M100>5, "BAD", "MONITOR")) -> GOOD
A101: 96 | B101: FLOW LINE | C101: MBU-009ST | D101: SPG Merbau | E101: 4 | F101: 1150 | G101: GAS | H101: 2004 | M101: =SUMIF('History Kebocoran'!$O:$O, Table1[From], 'History Kebocoran'!$G:$G) -> 0 | Q101: =IF(M101=0, "GOOD", IF(M101>5, "BAD", "MONITOR")) -> GOOD
A102: 97 | B102: FLOW LINE | C102: MBU-012ST | D102: SPG Merbau | E102: 4 | F102: 6225 | G102: GAS | H102: 2004 | M102: =SUMIF('History Kebocoran'!$O:$O, Table1[From], 'History Kebocoran'!$G:$G) -> 0 | Q102: =IF(M102=0, "GOOD", IF(M102>5, "BAD", "MONITOR")) -> GOOD
A103: 98 | B103: FLOW LINE | C103: MBU-015 | D103: SPG Merbau | E103: 4 | F103: 2850 | G103: GAS | H103: 2004 | M103: =SUMIF('History Kebocoran'!$O:$O, Table1[From], 'History Kebocoran'!$G:$G) -> 0 | Q103: =IF(M103=0, "GOOD", IF(M103>5, "BAD", "MONITOR")) -> GOOD
A104: 99 | B104: FLOW LINE | C104: MBU-006 | D104: SPG Merbau | E104: 4 | F104: 2350 | G104: OIL | H104: 2003 | M104: =SUMIF('History Kebocoran'!$O:$O, Table1[From], 'History Kebocoran'!$G:$G) -> 0 | Q104: =IF(M104=0, "GOOD", IF(M104>5, "BAD", "MONITOR")) -> GOOD
A105: 100 | B105: FLOW LINE | C105: KRD-001 | D105: SPG PAGARDEWA | E105: 4 | F105: 2048 | G105: GAS | H105: 1999 | M105: =SUMIF('History Kebocoran'!$O:$O, Table1[From], 'History Kebocoran'!$G:$G) -> 0 | Q105: =IF(M105=0, "GOOD", IF(M105>5, "BAD", "MONITOR")) -> GOOD
A106: 101 | B106: FLOW LINE | C106: LVT-001 | D106: SPG PAGARDEWA | G106: GAS | H106: 2011 | M106: =SUMIF('History Kebocoran'!$O:$O, Table1[From], 'History Kebocoran'!$G:$G) -> 0 | Q106: =IF(M106=0, "GOOD", IF(M106>5, "BAD", "MONITOR")) -> GOOD
A107: 102 | B107: FLOW LINE | C107: PDS-001ST | D107: SPG Pagardewa | G107: GAS | H107: 2010 | M107: =SUMIF('History Kebocoran'!$O:$O, Table1[From], 'History Kebocoran'!$G:$G) -> 0 | Q107: =IF(M107=0, "GOOD", IF(M107>5, "BAD", "MONITOR")) -> GOOD
A108: 103 | B108: FLOW LINE | C108: PDW-003 | D108: SPG Pagardewa | E108: 4 | F108: 483 | G108: GAS | H108: 1969 | M108: =SUMIF('History Kebocoran'!$O:$O, Table1[From], 'History Kebocoran'!$G:$G) -> 0 | Q108: =IF(M108=0, "GOOD", IF(M108>5, "BAD", "MONITOR")) -> GOOD
A109: 104 | B109: FLOW LINE | C109: PDW-005 | D109: SPG Pagardewa | E109: 4 | F109: 1828 | G109: GAS | H109: 1982 | M109: =SUMIF('History Kebocoran'!$O:$O, Table1[From], 'History Kebocoran'!$G:$G) -> 0 | Q109: =IF(M109=0, "GOOD", IF(M109>5, "BAD", "MONITOR")) -> GOOD
A110: 105 | B110: FLOW LINE | C110: PDW-007 | D110: SPG Pagardewa | G110: GAS | H110: 2014 | M110: =SUMIF('History Kebocoran'!$O:$O, Table1[From], 'History Kebocoran'!$G:$G) -> 0 | Q110: =IF(M110=0, "GOOD", IF(M110>5, "BAD", "MONITOR")) -> GOOD
A111: 106 | B111: FLOW LINE | C111: PDW-008 | D111: SPG Pagardewa | G111: GAS | H111: 2016 | M111: =SUMIF('History Kebocoran'!$O:$O, Table1[From], 'History Kebocoran'!$G:$G) -> 0 | Q111: =IF(M111=0, "GOOD", IF(M111>5, "BAD", "MONITOR")) -> GOOD
A112: 107 | B112: FLOW LINE | C112: PMT-002 | D112: SPG Pagardewa | G112: GAS | H112: 2004 | M112: =SUMIF('History Kebocoran'!$O:$O, Table1[From], 'History Kebocoran'!$G:$G) -> 0 | Q112: =IF(M112=0, "GOOD", IF(M112>5, "BAD", "MONITOR")) -> GOOD
...

Sheet Contoh
A5: No | B5: WK | C5: Cluster | D5: Status | E5: Dari (nama Sumur) | F5: Ke (Nama Stasium Pengumpul) | G5: Nama Flowline | H5: Jenis Sumur | I5: Key | J5: Panjang | K5: Tahun Konstruksi | L5: Column4 | M5: Tahun | N5: Jumlah Kejadian (2023-2024) | O5: Note | P5: Jumlah Titik Inspeksi | Q5: Priority | R5: Tanggal Inspeksi | S5: Note Pengujian | T5: Report Inspeksi | U5: Berita Acara Inspeksi | V5: RLA Document | W5: RE Document | X5: Analisa Resiko | Y5: Tanggal Terbit COI/PLO | Z5: Sertifikat Berlaku | AA5: COI/PLO | AB5: RLT < 3 THN | AC5: RLT 3-5 THN | AD5: RLT > 5 THN | AE5: Integrity Status
A6: 1 | B6: Prabumulih | C6: Cluster Flowline Gas SKG XI Lembak | D6: Aktif | E6: LBK-004 | F6: SKG XI Lembak | G6: Flowline dari LBK-004 ke SKG XI Lembak | H6: GAS WELL | I6: SKG XI Lembak-GAS WELL | J6: 431 | K6: 12-Feb-1980 | L6: 2005 | M6: 1980 | P6: 4.31 | Q6: P1 | R6: 45795 | S6: Menyesuaikan panjang act | V6: PEP-PBM-PL-RLA-1801A | W6: PEP-PBM-PL-RE-1801A | AB6: #N/A | AC6: #N/A | AD6: #N/A
A7: 2 | B7: Prabumulih | C7: Cluster Flowline Gas SKG XI Lembak | D7: Aktif | E7: LBK-005 | F7: SKG XI Lembak | G7: Flowline dari LBK-005 ke SKG XI Lembak | H7: GAS WELL | I7: SKG XI Lembak-GAS WELL | J7: 1198 | K7: 24-May-1981 | L7: 2005 | M7: 1981 | N7: 1 | P7: 11.98 | Q7: P1 | R7: 45736 | S7: Menyesuaikan panjang act | V7: PEP-PBM-PL-RLA-1801B | W7: PEP-PBM-PL-RE-1801B | AB7: 0 | AC7: 0 | AD7: 0
A8: 3 | B8: Prabumulih | C8: Cluster Flowline Gas SKG XI Lembak | D8: Aktif | E8: LBK-007 | F8: SKG XI Lembak | G8: Flowline dari LBK-007 ke SKG XI Lembak | H8: GAS WELL | I8: SKG XI Lembak-GAS WELL | J8: 1441 | K8: 15-Nov-1982 | L8: 2005 | M8: 1982 | P8: 14.41 | Q8: P1 | R8: 45729 | S8: Menyesuaikan panjang act | V8: PEP-PBM-PL-RLA-1801C | W8: PEP-PBM-PL-RE-1801C | AB8: 0 | AC8: 0 | AD8: 0
A9: 4 | B9: Prabumulih | C9: Cluster Flowline Gas SKG XI Lembak | D9: Aktif | E9: LBK-009 | F9: SKG XI Lembak | G9: Flowline dari LBK-009 ke SKG XI Lembak | H9: GAS WELL | I9: SKG XI Lembak-GAS WELL | J9: 1087 | K9: 14-Mar-1992 | L9: 2005 | M9: 1992 | P9: 10.87 | Q9: P1 | R9: 45729 | S9: Menyesuaikan panjang act | V9: PEP-PBM-PL-RLA-1801D | W9: PEP-PBM-PL-RE-1801D | AB9: 2740 | AC9: 0 | AD9: 50 | AE9: BAD
A10: 5 | B10: Prabumulih | C10: Cluster Flowline Gas SKG XI Lembak | D10: Aktif | E10: LBK-010 | F10: SKG XI Lembak | G10: Flowline dari LBK-010 ke SKG XI Lembak | H10: GAS WELL | I10: SKG XI Lembak-GAS WELL | J10: 752 | K10: 30-May-1992 | L10: 2005 | M10: 1992 | P10: 7.52 | Q10: P1 | R10: 45732 | S10: Menyesuaikan panjang act | V10: PEP-PBM-PL-RLA-1801E | W10: PEP-PBM-PL-RE-1801E | AB10: 0 | AC10: 0 | AD10: 0
A11: 6 | B11: Prabumulih | C11: Cluster Flowline Gas SKG XI Lembak | D11: Aktif | E11: LBK-011 | F11: SKG XI Lembak | G11: Flowline dari LBK-011 ke SKG XI Lembak | H11: GAS WELL | I11: SKG XI Lembak-GAS WELL | J11: 1742 | K11: 02-Sep-1992 | L11: 2005 | M11: 1992 | N11: 1 | P11: 17.42 | Q11: P1 | R11: 45795 | S11: Menyesuaikan panjang act | V11: PEP-PBM-PL-RLA-1801F | W11: PEP-PBM-PL-RE-1801F | AB11: 0 | AC11: 0 | AD11: 0
A12: 7 | B12: Prabumulih | C12: Cluster Flowline Gas SKG XI Lembak | D12: Aktif | E12: LBK-012 | F12: SKG XI Lembak | G12: Flowline dari LBK-012 ke SKG XI Lembak | H12: GAS WELL | I12: SKG XI Lembak-GAS WELL | J12: 2344 | K12: 13-Aug-2008 | L12: 2008 | M12: 2008 | P12: 23.44 | Q12: P1 | R12: 45733 | S12: Menyesuaikan panjang act | V12: PEP-PBM-PL-RLA-1801G | W12: PEP-PBM-PL-RE-1801G | AB12: 0 | AC12: 0 | AD12: 0
A13: 8 | B13: Prabumulih | C13: Cluster Flowline Gas SKG XI Lembak | D13: Aktif | E13: LBK-013 | F13: SKG XI Lembak | G13: Flowline dari LBK-013 ke SKG XI Lembak | H13: GAS WELL | I13: SKG XI Lembak-GAS WELL | J13: 3200 | K13: 07-Jan-2009 | L13: 2009 | M13: 2009 | N13: 1 | P13: 32 | Q13: P1 | R13: 45730 | S13: Menyesuaikan panjang act | V13: PEP-PBM-PL-RLA-1801H | W13: PEP-PBM-PL-RE-1801H | AB13: 0 | AC13: 0 | AD13: 3130 | AE13: GOOD
A14: 9 | B14: Prabumulih | C14: Cluster Flowline Gas SKG XI Lembak | D14: Aktif | E14: LBK-014 | F14: SKG XI Lembak | G14: Flowline dari LBK-014 ke SKG XI Lembak | H14: GAS WELL | I14: SKG XI Lembak-GAS WELL | J14: 2010 | K14: 31-Jul-2009 | L14: 2009 | M14: 2009 | P14: 20.1 | Q14: P1 | R14: 45731 | S14: Menyesuaikan panjang act | V14: PEP-PBM-PL-RLA-1801I | W14: PEP-PBM-PL-RE-1801I | AB14: 0 | AC14: 0 | AD14: 0
A15: 10 | B15: Prabumulih | C15: Flowline Gas BRG-039 ke SP Beringin A | D15: Aktif | E15: BRG-039 | F15: SP Beringin A | G15: Flowline dari BRG-039 ke SP Beringin A | H15: GAS WELL | I15: SP Beringin A-GAS WELL | J15: 1342 | K15: 03-Nov-2022 | L15: 2022 | M15: 2022 | P15: 13.42 | Q15: P1 | R15: 45724 | S15: Menyesuaikan panjang act | V15: PEP-PBM-PL-RLA-1301 | W15: PEP-PBM-PL-RE-1301 | AB15: 0 | AC15: 0 | AD15: 0
A16: 11 | B16: Prabumulih | C16: Cluster Flowline Gas SPG Kuang | D16: Aktif | E16: KAG-004 | F16: SPG Kuang | G16: Flowline dari KAG-004 ke SPG Kuang | H16: GAS WELL | I16: SPG Kuang-GAS WELL | J16: 3820 | K16: 06-May-1968 | L16: 2005 | M16: 1968 | P16: 38.2 | Q16: P1 | R16: 45899 | V16: PEP-PBM-PL-RLA-1901A | W16: PEP-PBM-PL-RE-1901A | AB16: 0 | AC16: 0 | AD16: 0
A17: 12 | B17: Prabumulih | C17: Cluster Flowline Gas SPG Kuang | D17: Aktif | E17: KAG-026 | F17: SPG Kuang | G17: Flowline dari KAG-026 ke SPG Kuang | H17: GAS WELL | I17: SPG Kuang-GAS WELL | J17: 1600 | K17: 16-Jun-2016 | L17: 2016 | M17: 2016 | P17: 16 | Q17: P1 | R17: 45899 | V17: PEP-PBM-PL-RLA-1901B | W17: PEP-PBM-PL-RE-1901B | AB17: 0 | AC17: 0 | AD17: 0
A18: 13 | B18: Prabumulih | C18: Cluster Flowline Gas SPG Kuang | D18: Aktif | E18: KAG-027 | F18: SPG Kuang | G18: Flowline dari KAG-027 ke SPG Kuang | H18: GAS WELL | I18: SPG Kuang-GAS WELL | J18: 1600 | K18: 10-Aug-2016 | L18: 2016 | M18: 2016 | P18: 16 | Q18: P1 | R18: 45899 | V18: PEP-PBM-PL-RLA-1901C | W18: PEP-PBM-PL-RE-1901C | AB18: 0 | AC18: 0 | AD18: 0
A19: 14 | B19: Prabumulih | C19: Cluster Flowline Gas SPG Kuang | D19: Aktif | E19: KAG-028 | F19: SPG Kuang | G19: Flowline dari KAG-028 ke SPG Kuang | H19: GAS WELL | I19: SPG Kuang-GAS WELL | J19: 1600 | K19: 20-Nov-2016 | L19: 2016 | M19: 2016 | P19: 16 | Q19: P1 | R19: 45899 | V19: PEP-PBM-PL-RLA-1901D | W19: PEP-PBM-PL-RE-1901D | AB19: 0 | AC19: 0 | AD19: 0
A20: 15 | B20: Prabumulih | C20: Cluster Flowline Gas SPG Kuang | D20: Aktif | E20: SPR-001 | F20: SPG Kuang | G20: Flowline dari SPR-001 ke SPG Kuang | H20: GAS WELL | I20: SPG Kuang-GAS WELL | J20: 1600 | K20: 31-Dec-2010 | L20: 2010 | M20: 2010 | P20: 16 | Q20: P1 | R20: 45899 | V20: PEP-PBM-PL-RLA-1901E | W20: PEP-PBM-PL-RE-1901E | AB20: 0 | AC20: 0 | AD20: 0
A21: 16 | B21: Prabumulih | C21: Cluster Flowline Gas SPG Kuang | D21: Aktif | E21: KAG-008 | F21: SPG Kuang | G21: Flowline dari KAG-008 ke SPG Kuang | H21: GAS WELL | I21: SPG Kuang-GAS WELL | J21: 1600 | K21: 20-Jul-1969 | L21: 2005 | M21: 1969 | P21: 16 | Q21: P1 | R21: 45899 | V21: PEP-PBM-PL-RLA-1901F | W21: PEP-PBM-PL-RE-1901F | AB21: 0 | AC21: 0 | AD21: 0
A22: 17 | B22: Prabumulih | C22: Cluster Flowline Gas SPG Kuang | D22: Aktif | E22: KAG-014 | F22: SPG Kuang | G22: Flowline dari KAG-014 ke SPG Kuang | H22: GAS WELL | I22: SPG Kuang-GAS WELL | J22: 1600 | K22: 13-Feb-1974 | L22: 2005 | M22: 1974 | P22: 16 | Q22: P1 | R22: 45899 | V22: PEP-PBM-PL-RLA-1901G | W22: PEP-PBM-PL-RE-1901G | AB22: 0 | AC22: 0 | AD22: 0
A23: 18 | B23: Prabumulih | C23: Cluster Flowline Gas SP 1 Pagardewa | D23: Aktif | E23: PDS-001ST | F23: SP 1 Pagardewa | G23: Flowline dari PDS-001ST ke SP 1 Pagardewa | H23: GAS WELL | I23: SP 1 Pagardewa-GAS WELL | J23: 3891 | K23: 04-Nov-2010 | L23: 2010 | M23: 2010 | P23: 38.91 | Q23: P2 | R23: 45765 | S23: Menyesuaikan panjang act | V23: PEP-PBM-PL-RLA-1701A | W23: PEP-PBM-PL-RE-1701A | AB23: 0 | AC23: 0 | AD23: 0
A24: 19 | B24: Prabumulih | C24: Cluster Flowline Gas SP 1 Pagardewa | D24: Aktif | E24: PDW-007 | F24: SP 1 Pagardewa | G24: Flowline dari PDW-007 ke SP 1 Pagardewa | H24: GAS WELL | I24: SP 1 Pagardewa-GAS WELL | J24: 3088 | K24: 31-Dec-2014 | L24: 2014 | M24: 2014 | N24: 2 | P24: 30.88 | Q24: P2 | R24: 45762 | S24: Menyesuaikan panjang act | V24: PEP-PBM-PL-RLA-1701B | W24: PEP-PBM-PL-RE-1701B | AB24: 0 | AC24: 0 | AD24: 2080 | AE24: GOOD
A25: 20 | B25: Prabumulih | C25: Cluster Flowline Minyak SKG XI Lembak | D25: Aktif | E25: LBK-015 | F25: SKG XI Lembak | G25: Flowline dari LBK-015 ke SKG XI Lembak | H25: OIL WELL | I25: SKG XI Lembak-OIL WELL | J25: 505 | K25: 23-Jun-2020 | L25: 2020 | M25: 2020 | P25: 5.05 | Q25: P1 | R25: 45795 | S25: Menyesuaikan panjang act | V25: PEP-PBM-PL-RLA-401A | W25: PEP-PBM-PL-RE-401A | AB25: 0 | AC25: 0 | AD25: 0
A26: 21 | B26: Prabumulih | C26: Cluster Flowline Minyak SKG XI Lembak | D26: Aktif | E26: LBK-019 | F26: SKG XI Lembak | G26: Flowline dari LBK-019 ke SKG XI Lembak | H26: OIL WELL | I26: SKG XI Lembak-OIL WELL | J26: 1716 | K26: 28-Nov-2022 | L26: 2022 | M26: 2022 | N26: 14 | P26: 17.16 | Q26: P1 | R26: 45734 | S26: Menyesuaikan panjang act | V26: PEP-PBM-PL-RLA-401B | W26: PEP-PBM-PL-RE-401B | AB26: 40 | AC26: 0 | AD26: 2660 | AE26: BAD
A27: 22 | B27: Prabumulih | C27: Cluster Flowline Minyak SP 1 Gunung Kemala | D27: Aktif | E27: GNK-006 | F27: SP 1 Gunung Kemala | G27: Flowline dari GNK-006 ke SP 1 Gunung Kemala | H27: OIL WELL | I27: SP 1 Gunung Kemala-OIL WELL | J27: 1336 | K27: 09-Aug-1949 | L27: 2005 | M27: 1949 | N27: 1 | P27: 13.36 | Q27: P1 | R27: 45735 | S27: Menyesuaikan panjang act | V27: PEP-PBM-PL-RLA-501A | W27: PEP-PBM-PL-RE-501A | AB27: 30 | AC27: 0 | AD27: 1530 | AE27: BAD
A28: 23 | B28: Prabumulih | C28: Cluster Flowline Minyak SP 1 Gunung Kemala | D28: Aktif | E28: GNK-078 | F28: SP 1 Gunung Kemala | G28: Flowline dari GNK-078 ke SP 1 Gunung Kemala | H28: OIL WELL | I28: SP 1 Gunung Kemala-OIL WELL | J28: 1726 | K28: 17-Jun-1998 | L28: 2005 | M28: 1998 | N28: 1 | P28: 17.26 | Q28: P1 | R28: 45736 | S28: Menyesuaikan panjang act | V28: PEP-PBM-PL-RLA-501B | W28: PEP-PBM-PL-RE-501B | AB28: 0 | AC28: 0 | AD28: 0
A29: 24 | B29: Prabumulih | C29: Cluster Flowline Minyak SP 1 Gunung Kemala | D29: Aktif | E29: GNK-086 | F29: SP 1 Gunung Kemala | G29: Flowline dari GNK-086 ke SP 1 Gunung Kemala | H29: OIL WELL | I29: SP 1 Gunung Kemala-OIL WELL | J29: 1591 | K29: 19-Nov-2005 | L29: 2005 | M29: 2005 | P29: 15.91 | Q29: P1 | R29: 45736 | S29: Menyesuaikan panjang act | V29: PEP-PBM-PL-RLA-501C | W29: PEP-PBM-PL-RE-501C | AB29: 10 | AC29: 0 | AD29: 5680 | AE29: BAD
A30: 25 | B30: Prabumulih | C30: Cluster Flowline Minyak SP 2 Gunung Kemala | D30: Aktif | E30: GNK-088 | F30: SP 2 Gunung Kemala | G30: Flowline dari GNK-088 ke SP 2 Gunung Kemala | H30: OIL WELL | I30: SP 2 Gunung Kemala-OIL WELL | J30: 1071 | K30: 07-Sep-2007 | L30: 2007 | M30: 2007 | N30: 1 | P30: 10.71 | Q30: P1 | R30: 45728 | S30: Menyesuaikan panjang act | V30: PEP-PBM-PL-RLA-1101A | W30: PEP-PBM-PL-RE-1101A | AB30: 0 | AC30: 0 | AD30: 0
A31: 26 | B31: Prabumulih | C31: Cluster Flowline Minyak SP 2 Gunung Kemala | D31: Aktif | E31: GNK-089ST | F31: SP 2 Gunung Kemala | G31: Flowline dari GNK-089ST ke SP 2 Gunung Kemala | H31: OIL WELL | I31: SP 2 Gunung Kemala-OIL WELL | J31: 1576 | K31: 17-Mar-2008 | L31: 2008 | M31: 2008 | P31: 15.76 | Q31: P1 | R31: 45728 | S31: Menyesuaikan panjang act | V31: PEP-PBM-PL-RLA-1101B | W31: PEP-PBM-PL-RE-1101B | AB31: 0 | AC31: 0 | AD31: 0
A32: 27 | B32: Prabumulih | C32: Cluster Flowline Minyak SP 2 Gunung Kemala | D32: Aktif | E32: GNK-092 | F32: SP 2 Gunung Kemala | G32: Flowline dari GNK-092 ke SP 2 Gunung Kemala | H32: OIL WELL | I32: SP 2 Gunung Kemala-OIL WELL | J32: 1927 | K32: 24-Jun-2012 | L32: 2012 | M32: 2012 | N32: 10 | P32: 19.27 | Q32: P1 | R32: 45728 | S32: Menyesuaikan panjang act | V32: PEP-PBM-PL-RLA-1101C | W32: PEP-PBM-PL-RE-1101C | AB32: 0 | AC32: 0 | AD32: 0
A33: 28 | B33: Prabumulih | C33: Cluster Flowline Minyak SP 2 Gunung Kemala | D33: Aktif | E33: GNK-094 | F33: SP 2 Gunung Kemala | G33: Flowline dari GNK-094 ke SP 2 Gunung Kemala | H33: OIL WELL | I33: SP 2 Gunung Kemala-OIL WELL | J33: 1377 | K33: 24-Aug-2012 | L33: 2012 | M33: 2012 | N33: 2 | O33: RK ABI Field | P33: 13.77 | Q33: P1 | R33: 45762 | S33: Menyesuaikan panjang act | V33: PEP-PBM-PL-RLA-1101D | W33: PEP-PBM-PL-RE-1101D | AB33: 0 | AC33: 0 | AD33: 0
A34: 29 | B34: Prabumulih | C34: Cluster Flowline Minyak SP 2 Gunung Kemala | D34: Aktif | E34: GNK-069 | F34: SP 2 Gunung Kemala | G34: Flowline dari GNK-069 ke SP 2 Gunung Kemala | H34: OIL WELL | I34: SP 2 Gunung Kemala-OIL WELL | J34: 1088 | P34: 10.88 | R34: 45732 | S34: Menyesuaikan panjang act | V34: PEP-PBM-PL-RLA-1101E | W34: PEP-PBM-PL-RE-1101E | AB34: 0 | AC34: 0 | AD34: 0
A35: 30 | B35: Prabumulih | C35: Flowline Minyak TLJ-109 ke SP 2 Talang Jimar | D35: Aktif | E35: TLJ-109 | F35: SP 2 Talang Jimar | G35: Flowline dari TLJ-109 ke SP 2 Talang Jimar | H35: OIL WELL | I35: SP 2 Talang Jimar-OIL WELL | J35: 1238 | K35: 12-Aug-1943 | L35: 2005 | M35: 1943 | N35: 8 | O35: RK ABI Field | P35: 12.38 | Q35: P2 | R35: 45735 | S35: Menyesuaikan panjang act | V35: PEP-PBM-PL-RLA-701 | W35: PEP-PBM-PL-DBS-701 | AB35: 0 | AC35: 0 | AD35: 0
A36: 31 | B36: Prabumulih | C36: Flowline Minyak GNK-082 ke SP 3 Gunung Kemala | D36: Aktif | E36: GNK-082 | F36: SP 3 Gunung Kemala | G36: Flowline dari GNK-082 ke SP 3 Gunung Kemala | H36: OIL WELL | I36: SP 3 Gunung Kemala-OIL WELL | J36: 2725 | K36: 09-Oct-2003 | L36: 2005 | M36: 2003 | P36: 27.25 | Q36: P1 | R36: 45737 | S36: Menyesuaikan panjang act | V36: PEP-PBM-PL-RLA-601 | W36: PEP-PBM-PL-DBS-601 | AB36: 0 | AC36: 0 | AD36: 0
A37: 32 | B37: Prabumulih | C37: Flowline Minyak TLJ-156 ke SP 5 Talang Jimar | D37: Suspend | E37: TLJ-156 | F37: SP 5 Talang Jimar | G37: Flowline dari TLJ-156 ke SP 5 Talang Jimar | H37: OIL WELL | I37: SP 5 Talang Jimar-OIL WELL | J37: 756 | K37: #N/A | O37: Add RK ABI Field | P37: 7.56 | Q37: P2 | R37: 45735 | V37: PEP-PBM-PL-RLA-801 | W37: PEP-PBM-PL-DBS-801 | AB37: 0 | AC37: 0 | AD37: 0
A38: 33 | B38: Prabumulih | C38: Flowline TLJ-221 ke Minyak SP 6 Talang Jimar | D38: Aktif | E38: TLJ-211 | F38: SP 6 Talang Jimar | G38: Flowline dari TLJ-211 ke SP 6 Talang Jimar | H38: OIL WELL | I38: SP 6 Talang Jimar-OIL WELL | J38: 1177 | K38: 18-May-2004 | L38: 2005 | M38: 2004 | O38: RK ABI Field | P38: 11.77 | Q38: P2 | R38: 45740 | S38: Menyesuaikan panjang act | V38: PEP-PBM-PL-RLA-901 | W38: PEP-PBM-PL-DBS-901 | AB38: 0 | AC38: 0 | AD38: 0
A39: 34 | B39: Prabumulih | C39: Cluster Flowline Minyak SP 9 Talang Jimar | D39: Aktif | E39: TLJ-071 | F39: SP 9 Talang Jimar | G39: Flowline dari TLJ-071 ke SP 9 Talang Jimar | H39: OIL WELL | I39: SP 9 Talang Jimar-OIL WELL | J39: 2150 | K39: 04-Dec-1940 | L39: 2005 | M39: 1940 | N39: 1 | P39: 21.5 | Q39: P1 | R39: 45703 | V39: PEP-PBM-PL-RLA-101A | W39: PEP-PBM-PL-RE-101A | AB39: 0 | AC39: 0 | AD39: 1460 | AE39: GOOD
A40: 35 | B40: Prabumulih | C40: Cluster Flowline Minyak SP 9 Talang Jimar | D40: Aktif | E40: TLJ-003 | F40: SP 9 Talang Jimar | G40: Flowline dari TLJ-003 ke SP 9 Talang Jimar | H40: OIL WELL | I40: SP 9 Talang Jimar-OIL WELL | J40: 1800 | K40: 07-Feb-1938 | L40: 2005 | M40: 1938 | N40: 6 | P40: 18 | Q40: P1 | R40: 45703 | V40: PEP-PBM-PL-RLA-101B | W40: PEP-PBM-PL-RE-101B | AB40: 0 | AC40: 0 | AD40: 0
A41: 36 | B41: Prabumulih | C41: Cluster Flowline Minyak SP 9 Talang Jimar | D41: Aktif | E41: TLJ-012 | F41: SP 9 Talang Jimar | G41: Flowline dari TLJ-012 ke SP 9 Talang Jimar | H41: OIL WELL | I41: SP 9 Talang Jimar-OIL WELL | J41: 1250 | K41: 19-Jul-1938 | L41: 2005 | M41: 1938 | P41: 12.5 | Q41: P1 | R41: 45702 | V41: PEP-PBM-PL-RLA-101C | W41: PEP-PBM-PL-RE-101C | AB41: 0 | AC41: 0 | AD41: 1470 | AE41: GOOD
A42: 37 | B42: Prabumulih | C42: Cluster Flowline Minyak SP 9 Talang Jimar | D42: Aktif | E42: TLJ-208 | F42: SP 9 Talang Jimar | G42: Flowline dari TLJ-208 ke SP 9 Talang Jimar | H42: OIL WELL | I42: SP 9 Talang Jimar-OIL WELL | J42: 1236 | K42: 16-Feb-2003 | L42: 2005 | M42: 2003 | O42: RK ABI Field | P42: 12.36 | Q42: P1 | R42: 45699 | V42: PEP-PBM-PL-RLA-101D | W42: PEP-PBM-PL-RE-101D | AB42: 0 | AC42: 0 | AD42: 0
A43: 38 | B43: Prabumulih | C43: Cluster Flowline Minyak SP 9 Talang Jimar | D43: Aktif | E43: TLJ-213 | F43: SP 9 Talang Jimar | G43: Flowline dari TLJ-213 ke SP 9 Talang Jimar | H43: OIL WELL | I43: SP 9 Talang Jimar-OIL WELL | J43: 1308 | K43: 21-Jun-2004 | L43: 2005 | M43: 2004 | N43: 1 | O43: RK ABI Field | P43: 13.08 | Q43: P1 | R43: 45708 | V43: PEP-PBM-PL-RLA-101E | W43: PEP-PBM-PL-RE-101E | AB43: 40 | AC43: 0 | AD43: 2000 | AE43: BAD
A44: 39 | B44: Prabumulih | C44: Cluster Flowline Minyak SP 9 Talang Jimar | D44: Aktif | E44: TLJ-215 | F44: SP 9 Talang Jimar | G44: Flowline dari TLJ-215 ke SP 9 Talang Jimar | H44: OIL WELL | I44: SP 9 Talang Jimar-OIL WELL | J44: 1440 | K44: 26-Nov-2004 | L44: 2005 | M44: 2004 | O44: RK ABI Field | P44: 14.4 | Q44: P1 | R44: 45700 | V44: PEP-PBM-PL-RLA-101F | W44: PEP-PBM-PL-RE-101F | AB44: 0 | AC44: 0 | AD44: 0
A45: 40 | B45: Prabumulih | C45: Cluster Flowline Minyak SP 9 Talang Jimar | D45: Aktif | E45: TLJ-239 | F45: SP 9 Talang Jimar | G45: Flowline dari TLJ-239 ke SP 9 Talang Jimar | H45: OIL WELL | I45: SP 9 Talang Jimar-OIL WELL | J45: 1956 | K45: 21-Sep-2012 | L45: 2012 | M45: 2012 | N45: 2 | O45: RK ABI Field | P45: 19.56 | Q45: P1 | R45: 45700 | V45: PEP-PBM-PL-RLA-101G | W45: PEP-PBM-PL-RE-101G | AB45: 0 | AC45: 0 | AD45: 0
A46: 41 | B46: Prabumulih | C46: Cluster Flowline Minyak SP 9 Talang Jimar | D46: Aktif | E46: TLJ-229 | F46: SP 9 Talang Jimar | G46: Flowline dari TLJ-229 ke SP 9 Talang Jimar | H46: OIL WELL | I46: SP 9 Talang Jimar-OIL WELL | J46: 1404 | K46: 06-Jan-2009 | L46: 2009 | M46: 2009 | N46: 1 | O46: RK ABI Field | P46: 14.04 | Q46: P1 | R46: 45700 | V46: PEP-PBM-PL-RLA-101H | W46: PEP-PBM-PL-RE-101H | AB46: 0 | AC46: 0 | AD46: 0
A47: 42 | B47: Prabumulih | C47: Cluster Flowline Minyak SP 9 Talang Jimar | D47: Aktif | E47: TLJ-230 | F47: SP 9 Talang Jimar | G47: Flowline dari TLJ-230 ke SP 9 Talang Jimar | H47: OIL WELL | I47: SP 9 Talang Jimar-OIL WELL | J47: 1100 | K47: 10-Mar-2009 | L47: 2009 | M47: 2009 | N47: 2 | O47: RK ABI Field | P47: 11 | Q47: P1 | R47: 45699 | V47: PEP-PBM-PL-RLA-101I | W47: PEP-PBM-PL-RE-101I | AB47: 0 | AC47: 0 | AD47: 0
A48: 43 | B48: Prabumulih | C48: Cluster Flowline Minyak SP Beringin A | D48: Aktif | E48: BRG-034 | F48: SP Beringin A | G48: Flowline dari BRG-034 ke SP Beringin A | H48: OIL WELL | I48: SP Beringin A-OIL WELL | J48: 1685 | K48: 07-Nov-2009 | L48: 2009 | M48: 2009 | N48: 2 | P48: 16.85 | Q48: P1 | R48: 45723 | S48: Menyesuaikan panjang act | V48: PEP-PBM-PL-RLA-1201A | W48: PEP-PBM-PL-RE-1201A | AB48: 0 | AC48: 0 | AD48: 0
A49: 44 | B49: Prabumulih | C49: Cluster Flowline Minyak SP Beringin A | D49: Aktif | E49: BRG-001 | F49: SP Beringin A | G49: Flowline dari BRG-001 ke SP Beringin A | H49: OIL WELL | I49: SP Beringin A-OIL WELL | J49: 749 | K49: #N/A | L49: 2005 | M49: 1975 | P49: 7.49 | Q49: P1 | R49: 45713 | S49: Menyesuaikan panjang act | V49: PEP-PBM-PL-RLA-1201B | W49: PEP-PBM-PL-RE-1201B | AB49: 0 | AC49: 0 | AD49: 0
A50: 45 | B50: Prabumulih | C50: Cluster Flowline Minyak SP Beringin D | D50: Aktif | E50: BRG-003A | F50: SP Beringin D | G50: Flowline dari BRG-003A ke SP Beringin D | H50: OIL WELL | I50: SP Beringin D-OIL WELL | J50: 2400 | K50: #N/A | L50: 2005 | M50: 1987 | P50: 24 | Q50: P1 | R50: 45716 | V50: PEP-PMB-PL-RLA-201A | W50: PEP-PMB-PL-RE-201A | AB50: 0 | AC50: 0 | AD50: 0
A51: 46 | B51: Prabumulih | C51: Cluster Flowline Minyak SP Beringin D | D51: Aktif | E51: BRG-005 | F51: SP Beringin D | G51: Flowline dari BRG-005 ke SP Beringin D | H51: OIL WELL | I51: SP Beringin D-OIL WELL | J51: 1308 | K51: #N/A | L51: 2005 | M51: 2001 | O51: RK ABI Field | P51: 13.08 | Q51: P1 | R51: 45716 | V51: PEP-PMB-PL-RLA-201B | W51: PEP-PMB-PL-RE-201B | AB51: 0 | AC51: 0 | AD51: 0
A52: 47 | B52: Prabumulih | C52: Cluster Flowline Minyak SP Beringin D | D52: Aktif | E52: BRG-008 | F52: SP Beringin D | G52: Flowline dari BRG-008 ke SP Beringin D | H52: OIL WELL | I52: SP Beringin D-OIL WELL | J52: 1009 | K52: #N/A | L52: 2005 | M52: 1991 | N52: 3 | P52: 10.09 | Q52: P1 | R52: 45715 | V52: PEP-PMB-PL-RLA-201C | W52: PEP-PMB-PL-RE-201C | AB52: 0 | AC52: 0 | AD52: 0
A53: 48 | B53: Prabumulih | C53: Cluster Flowline Minyak SP Beringin D | D53: Aktif | E53: BRG-009 | F53: SP Beringin D | G53: Flowline dari BRG-009 ke SP Beringin D | H53: OIL WELL | I53: SP Beringin D-OIL WELL | J53: 1068 | K53: #N/A | L53: 2005 | M53: 1991 | N53: 5 | O53: RK ABI Field | P53: 10.68 | Q53: P1 | R53: 45707 | V53: PEP-PMB-PL-RLA-201D | W53: PEP-PMB-PL-RE-201D | AB53: 0 | AC53: 0 | AD53: 0
A54: 49 | B54: Prabumulih | C54: Cluster Flowline Minyak SP Beringin D | D54: Aktif | E54: BRG-011 | F54: SP Beringin D | G54: Flowline dari BRG-011 ke SP Beringin D | H54: OIL WELL | I54: SP Beringin D-OIL WELL | J54: 1250 | K54: #N/A | L54: 2005 | M54: 1991 | P54: 12.5 | Q54: P1 | R54: 45706 | V54: PEP-PMB-PL-RLA-201E | W54: PEP-PMB-PL-RE-201E | AB54: 0 | AC54: 0 | AD54: 0
A55: 50 | B55: Prabumulih | C55: Cluster Flowline Minyak SP Beringin D | D55: Aktif | E55: BRG-012 | F55: SP Beringin D | G55: Flowline dari BRG-012 ke SP Beringin D | H55: OIL WELL | I55: SP Beringin D-OIL WELL | J55: 1900 | K55: #N/A | L55: 2005 | M55: 1991 | N55: 13 | P55: 19 | Q55: P1 | R55: 45706 | V55: PEP-PMB-PL-RLA-201F | W55: PEP-PMB-PL-RE-201F | AB55: 40 | AC55: 0 | AD55: 5710 | AE55: BAD
A56: 51 | B56: Prabumulih | C56: Cluster Flowline Minyak SP Beringin D | D56: Aktif | E56: BRG-015 | F56: SP Beringin D | G56: Flowline dari BRG-015 ke SP Beringin D | H56: OIL WELL | I56: SP Beringin D-OIL WELL | J56: 2592 | K56: #N/A | L56: 2005 | M56: 1992 | N56: 3 | O56: RK ABI Field | P56: 25.92 | Q56: P1 | R56: 45715 | V56: PEP-PMB-PL-RLA-201G | W56: PEP-PMB-PL-RE-201G | AB56: #N/A | AC56: #N/A | AD56: #N/A
A57: 52 | B57: Prabumulih | C57: Cluster Flowline Minyak SP Beringin D | D57: Aktif | E57: BRG-020 | F57: SP Beringin D | G57: Flowline dari BRG-020 ke SP Beringin D | H57: OIL WELL | I57: SP Beringin D-OIL WELL | J57: 1104 | K57: #N/A | L57: 2005 | M57: 1992 | N57: 1 | O57: RK ABI Field | P57: 11.04 | Q57: P1 | R57: 45717 | V57: PEP-PMB-PL-RLA-201H | W57: PEP-PMB-PL-RE-201H | AB57: 0 | AC57: 0 | AD57: 0
A58: 53 | B58: Prabumulih | C58: Cluster Flowline Minyak SP Beringin D | D58: Aktif | E58: BRG-023 | F58: SP Beringin D | G58: Flowline dari BRG-023 ke SP Beringin D | H58: OIL WELL | I58: SP Beringin D-OIL WELL | J58: 2832 | K58: #N/A | L58: 2005 | M58: 1996 | N58: 8 | O58: RK ABI Field | P58: 28.32 | Q58: P1 | R58: 45711 | V58: PEP-PMB-PL-RLA-201I | W58: PEP-PMB-PL-RE-201I | AB58: 0 | AC58: 0 | AD58: 0
A59: 54 | B59: Prabumulih | C59: Cluster Flowline Minyak SP Beringin D | D59: Aktif | E59: BRG-028 | F59: SP Beringin D | G59: Flowline dari BRG-028 ke SP Beringin D | H59: OIL WELL | I59: SP Beringin D-OIL WELL | J59: 1184 | K59: #N/A | L59: 2005 | M59: 2001 | N59: 3 | O59: RK ABI Field | P59: 11.84 | Q59: P1 | R59: 45707 | V59: PEP-PMB-PL-RLA-201J | W59: PEP-PMB-PL-RE-201J | AB59: 0 | AC59: 0 | AD59: 0
A60: 55 | B60: Prabumulih | C60: Cluster Flowline Minyak SP Beringin D | D60: Aktif | E60: BRG-032 | F60: SP Beringin D | G60: Flowline dari BRG-032 ke SP Beringin D | H60: OIL WELL | I60: SP Beringin D-OIL WELL | J60: 3852 | K60: #N/A | L60: 2005 | M60: 2003 | O60: RK ABI Field | P60: 38.52 | Q60: P1 | R60: 45711 | V60: PEP-PMB-PL-RLA-201K | W60: PEP-PMB-PL-RE-201K | AB60: 0 | AC60: 0 | AD60: 0
A61: 56 | B61: Prabumulih | C61: Cluster Flowline Minyak SP Beringin D | D61: Aktif | E61: BRG-036 | F61: SP Beringin D | G61: Flowline dari BRG-036 ke SP Beringin D | H61: OIL WELL | I61: SP Beringin D-OIL WELL | J61: 3360 | K61: #N/A | L61: 2010 | M61: 2010 | O61: RK ABI Field | P61: 33.6 | Q61: P1 | R61: 45705 | V61: PEP-PMB-PL-RLA-201L | W61: PEP-PMB-PL-RE-201L | AB61: 0 | AC61: 3900 | AD61: 0 | AE61: FAIR
A62: 57 | B62: Prabumulih | C62: Cluster Flowline Minyak SP Beringin D | D62: Aktif | E62: BRG-014 | F62: SP Beringin D | G62: Flowline dari BRG-014 ke SP Beringin D | H62: OIL WELL | I62: SP Beringin D-OIL WELL | J62: 1668 | K62: #N/A | O62: Add RK ABI Field | P62: 16.68 | Q62: P1 | R62: 45736 | V62: PEP-PMB-PL-RLA-201M | W62: PEP-PMB-PL-RE-201M | AB62: 0 | AC62: 5990 | AD62: 0 | AE62: FAIR
A63: 58 | B63: Prabumulih | C63: Cluster Flowline Minyak SP Kuang | D63: Aktif | E63: KAG-007 | F63: SP Kuang | G63: Flowline dari KAG-007 ke SP Kuang | H63: OIL WELL | I63: SP Kuang-OIL WELL | J63: 1543 | K63: 03-Dec-1968 | L63: 2005 | M63: 1968 | N63: 2 | P63: 15.43 | Q63: P1 | R63: 45738 | S63: Menyesuaikan panjang act | V63: PEP-PBM-PL-RLA-2701A | W63: PEP-PBM-PL-RE-2701A | AB63: 0 | AC63: 0 | AD63: 0
A64: 59 | B64: Prabumulih | C64: Cluster Flowline Minyak SP Kuang | D64: Aktif | E64: KAG-011 | F64: SP Kuang | G64: Flowline dari KAG-011 ke SP Kuang | H64: OIL WELL | I64: SP Kuang-OIL WELL | J64: 1151 | K64: 15-Jun-1971 | L64: 2005 | M64: 1971 | N64: 1 | O64: RK ABI Field | P64: 11.51 | Q64: P1 | R64: 45738 | S64: Menyesuaikan panjang act | V64: PEP-PBM-PL-RLA-2701B | W64: PEP-PBM-PL-RE-2701B | AB64: 0 | AC64: 0 | AD64: 0
A65: 60 | B65: Prabumulih | C65: Cluster Flowline Minyak SP Kuang | D65: Aktif | E65: KAG-015 | F65: SP Kuang | G65: Flowline dari KAG-015 ke SP Kuang | H65: OIL WELL | I65: SP Kuang-OIL WELL | J65: 822 | K65: 28-Feb-1974 | L65: 2005 | M65: 1974 | O65: RK ABI Field | P65: 8.22 | Q65: P1 | R65: 45738 | S65: Menyesuaikan panjang act | V65: PEP-PBM-PL-RLA-2701C | W65: PEP-PBM-PL-RE-2701C | AB65: 0 | AC65: 0 | AD65: 0
A66: 61 | B66: Prabumulih | C66: Cluster Flowline Minyak SP Kuang | D66: Aktif | E66: KAG-017 | F66: SP Kuang | G66: Flowline dari KAG-017 ke SP Kuang | H66: OIL WELL | I66: SP Kuang-OIL WELL | J66: 1327 | K66: 19-Nov-1996 | L66: 2005 | M66: 1996 | N66: 5 | P66: 13.27 | Q66: P1 | R66: 45728 | S66: Menyesuaikan panjang act | V66: PEP-PBM-PL-RLA-2701D | W66: PEP-PBM-PL-RE-2701D | AB66: 0 | AC66: 0 | AD66: 0
A67: 62 | B67: Prabumulih | C67: Cluster Flowline Minyak SP Kuang | D67: Aktif | E67: KAG-018 | F67: SP Kuang | G67: Flowline dari KAG-018 ke SP Kuang | H67: OIL WELL | I67: SP Kuang-OIL WELL | J67: 2179 | K67: 05-Jul-1997 | L67: 2005 | M67: 1997 | P67: 21.79 | Q67: P1 | R67: 45738 | S67: Menyesuaikan panjang act | V67: PEP-PBM-PL-RLA-2701E | W67: PEP-PBM-PL-RE-2701E | AB67: 0 | AC67: 0 | AD67: 0
A68: 63 | B68: Prabumulih | C68: Cluster Flowline Minyak SP Kuang | D68: Aktif | E68: KAG-021 | F68: SP Kuang | G68: Flowline dari KAG-021 ke SP Kuang | H68: OIL WELL | I68: SP Kuang-OIL WELL | J68: 1333 | K68: 24-Jun-2002 | L68: 2005 | M68: 2002 | N68: 2 | P68: 13.33 | Q68: P1 | R68: 45728 | S68: Menyesuaikan panjang act/terdapat perbedaan pada SPK Flowline Gas actual Fluida Oil | V68: PEP-PBM-PL-RLA-2701F | W68: PEP-PBM-PL-RE-2701F | AB68: 0 | AC68: 0 | AD68: 0
A69: 64 | B69: Prabumulih | C69: Cluster Flowline Minyak SP Kuang | D69: Aktif | E69: KAG-006 | F69: SP Kuang | G69: Flowline dari KAG-006 ke SP Kuang | H69: OIL WELL | I69: SP Kuang-OIL WELL | J69: 333 | K69: 02-Sep-1968 | L69: 2005 | M69: 1968 | N69: 1 | P69: 3.33 | Q69: P1 | R69: 45739 | S69: Menyesuaikan panjang act/terdapat perbedaan pada SPK Flowline Gas actual Fluida Oil | V69: PEP-PBM-PL-RLA-2701G | W69: PEP-PBM-PL-RE-2701G | AB69: 0 | AC69: 2010 | AD69: 0 | AE69: FAIR
A70: 65 | B70: Prabumulih | C70: Cluster Flowline Minyak SP Kuang | D70: Suspend | E70: KAG-005 | F70: SP Kuang | G70: Flowline dari KAG-005 ke SP Kuang | H70: OIL WELL | I70: SP Kuang-OIL WELL | J70: 1318 | K70: #N/A | O70: Add RK ABI Field | P70: 13.18 | Q70: P1 | R70: 45728 | S70: Menyesuaikan panjang act | V70: PEP-PBM-PL-RLA-2701H | W70: PEP-PBM-PL-RE-2701H | AB70: 0 | AC70: 0 | AD70: 0
A71: 66 | B71: Prabumulih | C71: Flowline Minyak OGN-32 ke SP Ogan | D71: Aktif | E71: OGN-032 | F71: SP Ogan | G71: Flowline dari OGN-032 ke SP Ogan | H71: OIL WELL | I71: SP Ogan-OIL WELL | J71: 3111 | K71: 24-Jun-2011 | L71: 2011 | M71: 2011 | N71: 1 | O71: RK ABI Field | P71: 31.11 | Q71: P2 | R71: 45763 | S71: Menyesuaikan panjang act | V71: PEP-PBM-PL-RLA-1401 | W71: PEP-PBM-PL-DBS-1401 | AB71: 0 | AC71: 0 | AD71: 0
A72: 67 | B72: Prabumulih | C72: Cluster Flowline Minyak SP Prabumulih Barat | D72: Aktif | E72: PMB-015 | F72: SP Prabumulih Barat | G72: Flowline dari PMB-015 ke SP Prabumulih Barat | H72: OIL WELL | I72: SP Prabumulih Barat-OIL WELL | J72: 339 | K72: 01-Apr-2007 | L72: 2007 | M72: 2007 | P72: 3.39 | Q72: P1 | R72: 45727 | S72: Menyesuaikan panjang act | V72: PEP-PBM-PL-RLA-1501A | W72: PEP-PBM-PL-RE-1501A | AB72: 0 | AC72: 0 | AD72: 0
A73: 68 | B73: Prabumulih | C73: Cluster Flowline Minyak SP Prabumulih Barat | D73: Aktif | E73: PMB-016 | F73: SP Prabumulih Barat | G73: Flowline dari PMB-016 ke SP Prabumulih Barat | H73: OIL WELL | I73: SP Prabumulih Barat-OIL WELL | J73: 334 | K73: 14-Oct-2008 | L73: 2008 | M73: 2008 | N73: 2 | P73: 3.34 | Q73: P1 | R73: 45727 | S73: Menyesuaikan panjang act | V73: PEP-PBM-PL-RLA-1501B | W73: PEP-PBM-PL-RE-1501B | AB73: 0 | AC73: 0 | AD73: 0
A74: 69 | B74: Prabumulih | C74: Cluster Flowline Minyak SP Prabumulih Barat | D74: Aktif | E74: PMB-019 | F74: SP Prabumulih Barat | G74: Flowline dari PMB-019 ke SP Prabumulih Barat | H74: OIL WELL | I74: SP Prabumulih Barat-OIL WELL | J74: 358 | K74: 07-Feb-2009 | L74: 2009 | M74: 2009 | N74: 4 | O74: RK ABI Field | P74: 3.58 | Q74: P1 | R74: 45727 | S74: Menyesuaikan panjang act | V74: PEP-PBM-PL-RLA-1501C | W74: PEP-PBM-PL-RE-1501C | AB74: 50 | AC74: 190 | AD74: 160 | AE74: BAD
A75: 70 | B75: Prabumulih | C75: Cluster Flowline Minyak SP Prabumulih Barat | D75: Aktif | E75: PMB-023 | F75: SP Prabumulih Barat | G75: Flowline dari PMB-023 ke SP Prabumulih Barat | H75: OIL WELL | I75: SP Prabumulih Barat-OIL WELL | J75: 560 | K75: 28-Dec-2011 | L75: 2011 | M75: 2011 | N75: 6 | P75: 5.6 | Q75: P1 | R75: 45728 | S75: Menyesuaikan panjang act | V75: PEP-PBM-PL-RLA-1501D | W75: PEP-PBM-PL-RE-1501D | AB75: 0 | AC75: 0 | AD75: 0
A76: 71 | B76: Prabumulih | C76: Cluster Flowline Minyak SP Prabumulih Barat | D76: Aktif | E76: PMB-026 | F76: SP Prabumulih Barat | G76: Flowline dari PMB-026 ke SP Prabumulih Barat | H76: OIL WELL | I76: SP Prabumulih Barat-OIL WELL | J76: 542 | K76: 14-Jul-2013 | L76: 2013 | M76: 2013 | P76: 5.42 | Q76: P1 | R76: 45740 | S76: Menyesuaikan panjang act | V76: PEP-PBM-PL-RLA-1501E | W76: PEP-PBM-PL-RE-1501E | AB76: 0 | AC76: 1050 | AD76: 420 | AE76: FAIR
A77: 72 | B77: Prabumulih | C77: Cluster Flowline Minyak SP Prabumulih Barat | D77: Aktif | E77: PMB-028 | F77: SP Prabumulih Barat | G77: Flowline dari PMB-028 ke SP Prabumulih Barat | H77: OIL WELL | I77: SP Prabumulih Barat-OIL WELL | J77: 583 | K77: 31-Jan-2014 | L77: 2014 | M77: 2014 | P77: 5.83 | Q77: P1 | R77: 45740 | S77: Menyesuaikan panjang act | V77: PEP-PBM-PL-RLA-1501F | W77: PEP-PBM-PL-RE-1501F | AB77: #N/A | AC77: #N/A | AD77: #N/A
A78: 73 | B78: Prabumulih | C78: Cluster Flowline Minyak SP Prabumulih Barat | D78: Aktif | E78: PMB-029 | F78: SP Prabumulih Barat | G78: Flowline dari PMB-029 ke SP Prabumulih Barat | H78: OIL WELL | I78: SP Prabumulih Barat-OIL WELL | J78: 1104 | K78: 08-Jul-2014 | L78: 2014 | M78: 2014 | N78: 11 | P78: 11.04 | Q78: P1 | R78: 45728 | S78: Menyesuaikan panjang act | V78: PEP-PBM-PL-RLA-1501G | W78: PEP-PBM-PL-RE-1501G | AB78: 0 | AC78: 0 | AD78: 0
A79: 74 | B79: Prabumulih | C79: Cluster Flowline Minyak SP Prabumulih Barat | D79: Aktif | E79: PMB-030 | F79: SP Prabumulih Barat | G79: Flowline dari PMB-030 ke SP Prabumulih Barat | H79: OIL WELL | I79: SP Prabumulih Barat-OIL WELL | J79: 1103 | K79: 21-Sep-2014 | L79: 2014 | M79: 2014 | P79: 11.03 | Q79: P1 | R79: 45728 | S79: Menyesuaikan panjang act | V79: PEP-PBM-PL-RLA-1501H | W79: PEP-PBM-PL-RE-1501H | AB79: 0 | AC79: 0 | AD79: 420 | AE79: GOOD
A80: 75 | B80: Prabumulih | C80: Cluster Flowline Minyak SP Prabumulih Barat | D80: Aktif | E80: PMB-033 | F80: SP Prabumulih Barat | G80: Flowline dari PMB-033 ke SP Prabumulih Barat | H80: OIL WELL | I80: SP Prabumulih Barat-OIL WELL | J80: 600 | K80: 12-Aug-2015 | L80: 2015 | M80: 2015 | O80: RK ABI Field | P80: 6 | Q80: P1 | R80: 45728 | S80: Menyesuaikan panjang act | V80: PEP-PBM-PL-RLA-1501I | W80: PEP-PBM-PL-RE-1501I | AB80: 0 | AC80: 0 | AD80: 0
A81: 76 | B81: Prabumulih | C81: Cluster Flowline Minyak SP Prabumulih Barat | D81: Aktif | E81: PMB-038 | F81: SP Prabumulih Barat | G81: Flowline dari PMB-038 ke SP Prabumulih Barat | H81: OIL WELL | I81: SP Prabumulih Barat-OIL WELL | J81: 330 | K81: 31-Oct-2016 | L81: 2016 | M81: 2016 | P81: 3.3 | Q81: P1 | R81: 45736 | S81: Menyesuaikan panjang act | V81: PEP-PBM-PL-RLA-1501J | W81: PEP-PBM-PL-RE-1501J | AB81: 0 | AC81: 2130 | AD81: 180 | AE81: FAIR
A82: 77 | B82: Prabumulih | C82: Cluster Flowline Minyak SP Prabumulih Barat | D82: Suspend | E82: PMB-020 | F82: SP Prabumulih Barat | G82: Flowline dari PMB-020 ke SP Prabumulih Barat | H82: OIL WELL | I82: SP Prabumulih Barat-OIL WELL | J82: 709 | K82: #N/A | O82: Add RK ABI Field | P82: 7.09 | Q82: P1 | R82: 45734 | S82: Menyesuaikan panjang act | V82: PEP-PBM-PL-RLA-1501K | W82: PEP-PBM-PL-RE-1501K | AB82: 0 | AC82: 0 | AD82: 0
A83: 78 | B83: Prabumulih | C83: Cluster Flowline Minyak SP Prabumulih Barat | D83: Suspend | E83: PMB-021 | F83: SP Prabumulih Barat | G83: Flowline dari PMB-021 ke SP Prabumulih Barat | H83: OIL WELL | I83: SP Prabumulih Barat-OIL WELL | J83: 720 | K83: #N/A | O83: Add RK ABI Field | P83: 7.2 | Q83: P1 | R83: 45734 | S83: Menyesuaikan panjang act | V83: PEP-PBM-PL-RLA-1501L | W83: PEP-PBM-PL-RE-1501L | AB83: 0 | AC83: 0 | AD83: 0
A84: 79 | B84: Prabumulih | C84: Cluster Flowline Minyak SP Prabumulih Barat | D84: Suspend | E84: PMB-022 | F84: SP Prabumulih Barat | G84: Flowline dari PMB-022 ke SP Prabumulih Barat | H84: OIL WELL | I84: SP Prabumulih Barat-OIL WELL | J84: 654 | K84: #N/A | O84: Add RK ABI Field | P84: 6.54 | Q84: P1 | R84: 45728 | S84: Menyesuaikan panjang act | V84: PEP-PBM-PL-RLA-1501M | W84: PEP-PBM-PL-RE-1501M | AB84: 100 | AC84: 1210 | AD84: 1500 | AE84: BAD
A85: 80 | B85: Prabumulih | C85: Flowline Minyak TTB-068 ke SP Tanjung Tiga Barat | D85: Aktif | E85: TTB-068 | F85: SP Tanjung Tiga Barat | G85: Flowline dari TTB-068 ke SP Tanjung Tiga Barat | H85: OIL WELL | I85: SP Tanjung Tiga Barat-OIL WELL | J85: 1219 | K85: 31-May-1960 | L85: 2005 | M85: 1960 | O85: RK ABI Field | P85: 12.19 | Q85: P2 | R85: 45763 | S85: Menyesuaikan panjang act | V85: PEP-PBM-PL-RLA-1601 | W85: PEP-PBM-PL-DBS-1601 | AB85: 0 | AC85: 0 | AD85: 1280 | AE85: GOOD
A86: 81 | B86: Prabumulih | C86: Cluster Mainline Gas Gunung Kemala | D86: Suspend | E86: Mainline Gas Gunung Kemala | F86: GNK-069 | G86: Flowline dari Mainline Gas Gunung Kemala ke GNK-069 | H86: GAS WELL | I86: GNK-069-GAS WELL | J86: 666 | K86: #N/A | O86: Add RK ABI Field | P86: 6.66 | Q86: P1 | R86: 45728 | S86: Menyesuaikan panjang act | V86: PEP-PBM-PL-RLA-301 | W86: PEP-PBM-PL-RE-301 | AB86: #N/A | AC86: #N/A | AD86: #N/A
A87: 82 | B87: Prabumulih | C87: Cluster Mainline Gas Gunung Kemala | D87: Suspend | E87: Mainline Gas Gunung Kemala | F87: GNK-064 | G87: Flowline dari Mainline Gas Gunung Kemala ke GNK-064 | H87: GAS WELL | I87: GNK-064-GAS WELL | J87: 1500 | K87: #N/A | O87: Add RK ABI Field | P87: 15 | Q87: P2 | R87: 45863 | S87: Menyesuaikan panjang act | V87: PEP-PBM-PL-RLA-301 | W87: PEP-PBM-PL-RE-301 | AB87: #N/A | AC87: #N/A | AD87: #N/A
A88: 83 | B88: Prabumulih | C88: Cluster Mainline Gas Gunung Kemala | D88: Suspend | E88: Mainline Gas Gunung Kemala | F88: GNK-011 | G88: Flowline dari Mainline Gas Gunung Kemala ke GNK-011 | H88: GAS WELL | I88: GNK-011-GAS WELL | J88: 156 | K88: #N/A | O88: Add RK ABI Field | P88: 1.56 | Q88: P2 | R88: 45860 | V88: PEP-PBM-PL-RLA-301 | W88: PEP-PBM-PL-RE-301 | AB88: #N/A | AC88: #N/A | AD88: #N/A
A89: 84 | B89: Prabumulih | C89: Cluster Mainline Gas Gunung Kemala | D89: Suspend | E89: Mainline Gas Gunung Kemala | F89: GNK-065 | G89: Flowline dari Mainline Gas Gunung Kemala ke GNK-065 | H89: GAS WELL | I89: GNK-065-GAS WELL | J89: 320 | K89: #N/A | N89: 2 | O89: Add RK ABI Field | P89: 3.2 | Q89: P2 | R89: 45860 | V89: PEP-PBM-PL-RLA-301 | W89: PEP-PBM-PL-RE-301 | AB89: #N/A | AC89: #N/A | AD89: #N/A
A90: 85 | B90: Prabumulih | C90: Cluster Mainline Gas Gunung Kemala | D90: Suspend | E90: Mainline Gas Gunung Kemala | F90: GNK-094 | G90: Flowline dari Mainline Gas Gunung Kemala ke GNK-094 | H90: GAS WELL | I90: GNK-094-GAS WELL | J90: 250 | K90: #N/A | N90: 2 | O90: Add RK ABI Field | P90: 2.5 | Q90: P2 | R90: 45861 | V90: PEP-PBM-PL-RLA-301 | W90: PEP-PBM-PL-RE-301 | AB90: 0 | AC90: 0 | AD90: 0
A91: 86 | B91: Prabumulih | C91: Cluster Mainline Gas Gunung Kemala | D91: Suspend | E91: SP II Gunung Kemala | F91: Mainline Gas Gunung Kemala | G91: Flowline Injeksi dari Mainline Gas Gunung Kemala ke SP II Gunung Kemala | H91: GAS WELL | I91: Mainline Gas Gunung Kemala-GAS WELL | J91: 0 | P91: 0 | R91: 45999 | V91: PEP-PBM-PL-RLA-301 | W91: PEP-PBM-PL-RE-301 | AB91: 0 | AC91: 0 | AD91: 0
A92: 87 | B92: Prabumulih | C92: Cluster Mainline Gas SP Beringin D | D92: Aktif | E92: Mainline Gas SP Beringin D | F92: BRG-033 | G92: Flowline Injeksi dari BRG-033 ke Mainline Gas SP Beringin D | H92: GAS WELL | I92: BRG-033-GAS WELL | J92: 2600 | K92: 01-Jun-2008 | L92: 2008 | M92: 2008 | P92: 26 | Q92: P3 | R92: 45722 | V92: PEP-PBM-PL-RLA-1001 | W92: PEP-PBM-PL-RE-1001 | AB92: 0 | AC92: 0 | AD92: 0
A93: 88 | B93: Prabumulih | C93: Cluster Mainline Gas SP Beringin D | D93: Aktif | E93: Mainline Gas SP Beringin D | F93: BRG-005 | G93: Flowline Injeksi dari BRG-005 ke Mainline Gas SP Beringin D | H93: GAS WELL | I93: BRG-005-GAS WELL | J93: 600 | O93: RK ABI Field | P93: 6 | Q93: P3 | R93: 45718 | V93: PEP-PBM-PL-RLA-1001 | W93: PEP-PBM-PL-RE-1001 | AB93: #N/A | AC93: #N/A | AD93: #N/A
A94: 89 | B94: Prabumulih | C94: Cluster Mainline Gas SP Beringin D | D94: Aktif | E94: Mainline Gas SP Beringin D | F94: BRG-009 | G94: Flowline Injeksi dari BRG-009 ke Mainline Gas SP Beringin D | H94: GAS WELL | I94: BRG-009-GAS WELL | J94: 600 | O94: RK ABI Field | P94: 6 | Q94: P4 | R94: 45718 | V94: PEP-PBM-PL-RLA-1001 | W94: PEP-PBM-PL-RE-1001 | AB94: 0 | AC94: 0 | AD94: 0
A95: 90 | B95: Prabumulih | C95: Cluster Mainline Gas SP Beringin D | D95: Aktif | E95: Mainline Gas SP Beringin D | F95: BRG-014 | G95: Flowline Injeksi dari BRG-014 ke Mainline Gas SP Beringin D | H95: GAS WELL | I95: BRG-014-GAS WELL | J95: 264 | O95: RK ABI Field | P95: 2.64 | Q95: P4 | R95: 45722 | V95: PEP-PBM-PL-RLA-1001 | W95: PEP-PBM-PL-RE-1001 | AB95: 0 | AC95: 0 | AD95: 0
A96: 91 | B96: Prabumulih | C96: Cluster Mainline Gas SP Beringin D | D96: Aktif | E96: Mainline Gas SP Beringin D | F96: BRG-028 | G96: Flowline Injeksi dari BRG-028 ke Mainline Gas SP Beringin D | H96: GAS WELL | I96: BRG-028-GAS WELL | J96: 696 | O96: RK ABI Field | P96: 6.96 | Q96: P3 | R96: 45718 | V96: PEP-PBM-PL-RLA-1001 | W96: PEP-PBM-PL-RE-1001 | AB96: 0 | AC96: 0 | AD96: 0
A97: 92 | B97: Prabumulih | C97: Cluster Mainline Gas SP Beringin D | D97: Aktif | E97: Mainline Gas SP Beringin D | F97: BRG-020 | G97: Flowline Injeksi dari BRG-020 ke Mainline Gas SP Beringin D | H97: GAS WELL | I97: BRG-020-GAS WELL | J97: 228 | O97: RK ABI Field | P97: 2.28 | Q97: P3 | R97: 45718 | V97: PEP-PBM-PL-RLA-1001 | W97: PEP-PBM-PL-RE-1001 | AB97: 0 | AC97: 0 | AD97: 0
A98: 93 | B98: Prabumulih | C98: Cluster Mainline Gas SP Beringin D | D98: Aktif | E98: Mainline Gas SP Beringin D | F98: BRG-023 | G98: Flowline Injeksi dari BRG-023 ke Mainline Gas SP Beringin D | H98: GAS WELL | I98: BRG-023-GAS WELL | J98: 504 | O98: RK ABI Field | P98: 5.04 | Q98: P3 | R98: 45718 | V98: PEP-PBM-PL-RLA-1001 | W98: PEP-PBM-PL-RE-1001 | AB98: #N/A | AC98: #N/A | AD98: #N/A
A99: 94 | B99: Prabumulih | C99: Cluster Mainline Gas SP Beringin D | D99: Aktif | E99: Mainline Gas SP Beringin D | F99: BRG-032 | G99: Flowline Injeksi dari BRG-032 ke Mainline Gas SP Beringin D | H99: GAS WELL | I99: BRG-032-GAS WELL | J99: 876 | O99: RK ABI Field | P99: 8.76 | Q99: P4 | R99: 45718 | V99: PEP-PBM-PL-RLA-1001 | W99: PEP-PBM-PL-RE-1001 | AB99: 0 | AC99: 0 | AD99: 0
A100: 95 | B100: Prabumulih | C100: Cluster Mainline Gas SP Beringin D | D100: Aktif | E100: Mainline Gas SP Beringin D | F100: BRG-036 | G100: Flowline Injeksi dari BRG-036 ke Mainline Gas SP Beringin D | H100: GAS WELL | I100: BRG-036-GAS WELL | J100: 1008 | O100: RK ABI Field | P100: 10.08 | Q100: P3 | R100: 45718 | V100: PEP-PBM-PL-RLA-1001 | W100: PEP-PBM-PL-RE-1001 | AB100: 0 | AC100: 0 | AD100: 0
A101: 96 | B101: Prabumulih | C101: Cluster Mainline Gas SP Beringin D | D101: Aktif | E101: Mainline Gas Struktur Beringin D | G101: Flowline Injeksi dari ke Mainline Gas Struktur Beringin D | H101: GAS WELL | I101: -GAS WELL | J101: 6000 | P101: 60 | Q101: P1 | R101: 45719 | V101: PEP-PBM-PL-RLA-1001 | W101: PEP-PBM-PL-RE-1001 | AB101: 0 | AC101: 0 | AD101: 0
A102: 97 | B102: Prabumulih | C102: Cluster Mainline Gas SP Ogan | E102: Mainline Gas SP Ogan | G102: Flowline Injeksi dari ke Mainline Gas SP Ogan | H102: GAS WELL | I102: -GAS WELL | J102: 6000 | O102: Add RK ABI Field | P102: 60 | Q102: P1 | R102: 45844 | V102: PEP-PBM-PL-RLA-2601 | W102: PEP-PBM-PL-RE-2601 | AB102: 0 | AC102: 0 | AD102: 0
A103: 98 | B103: Prabumulih | C103: CLUSTER_PBM02 | D103: Aktif | E103: LBK-018 | F103: SKG XI Lembak | G103: Flowline dari LBK-018 ke SKG XI Lembak | H103: GAS WELL | I103: SKG XI Lembak-GAS WELL | J103: 2100 | K103: 07-Sep-2022 | L103: 2022 | M103: 2022 | O103: RK Project 2022 | P103: 21 | Q103: P1 | AB103: #N/A | AC103: #N/A | AD103: #N/A
A104: 99 | B104: Prabumulih | C104: CLUSTER_PBM03 | D104: Aktif | E104: LBK-016 | F104: SKG XI Lembak | G104: Flowline dari LBK-016 ke SKG XI Lembak | H104: OIL WELL | I104: SKG XI Lembak-OIL WELL | J104: 2100 | K104: 31-Aug-2021 | L104: 2021 | M104: 2021 | O104: RK Project 2021 | P104: 21 | Q104: P1 | AB104: #N/A | AC104: #N/A | AD104: #N/A
...
